id,term,normalized_term,language,category,description,example,aliases,regex_pattern,notes,,,,,,,,,,
1,метамфетамин,метамфетамин,ru,drugs,Наркотик, психостимулятор,привет, ты попал в магазин котов\nв наличии:\n1)гер-кот\n2)мет-кот\n3)меф-кот\nвыбери что хочешь купить,мет, мет-кот,метамфетамин|мет-кот|мет,,,,,,,,
2,героин,героин,ru,drugs,Наркотик, опиоид,привет, ты попал в магазин котов\nв наличии:\n1)гер-кот\n2)мет-кот\n3)меф-кот\nвыбери что хочешь купить,гер-кот,героин|гер-кот,,,,,,,,,
3,мефедрон,мефедрон,ru,drugs,Наркотик, стимулятор,привет, ты попал в магазин котов\nв наличии:\n1)гер-кот\n2)мет-кот\n3)меф-кот\nвыбери что хочешь купить,меф, меф-кот,мефедрон|меф-кот|меф,,,,,,,,
4,usdt,usdt,en,crypto_payment,Токен Tether для оплаты,хорошо. оплата на крипто кошелек 40 usdt,tether,usdt|tether,,,,,,,,,,,
5,крипто кошелек,крипто кошелек,ru,crypto_payment,Адрес криптовалютного кошелька,хорошо. оплата на крипто кошелек 40 usdt,кошелек,крипто кошелек|кошелек,,,,,,,,,,,
6,ненаход,ненаход,ru,drug_trade,Сленг: покупатель не смог найти закладку,Был ненаход (клад похоронили под слоем бетона),,ненаход,,,,,,,,,,,
7,клад,клад,ru,drug_trade,Тайник с наркотиками,Клад в касание, стафф слабоват.,перезаклад, заклад, тайник,клад|перезаклад|заклад|тайник,,,,,,,,
8,кладмен,кладмен,ru,drug_trade,Человек, который делает закладки,Приятный и лёгкий сьем, кладмен молодец.,минёр, кладчик,кладмен|минёр|кладчик,,,,,,,,
9,касание,касание,ru,drug_trade,Закладка лежит на поверхности и легко находится,Клад снят в касание. Кладмен молодец.,,касание,,,,,,,,,,,
10,стаф,стаф,ru,drugs,Сленг для наркотиков или товара,Все супер, квест момент, Стафф как надо!,стафф,стаф|стафф,,,,,,,,,
11,бошка,бошка,ru,drugs,Сленг для шишек каннабиса,Все супер :) уже 6г скурено - бошка вышка,,бошка,,,,,,,,,,,
12,шишка,шишка,ru,drugs,Соцветие каннабиса,как всегда отличная шишка и недовеса 0.2 с двух грамм,,шишка,,,,,,,,,,,
13,камень,камень,ru,drugs,Кристаллическая форма наркотика,камень размыло дождем, нашел испачканую изоленту,,камень,,,,,,,,,,
14,ак47,ак47,ru,drugs,Сорт каннабиса AK-47,Взял второй раз 3г АК47,ak47,ак47|ak47,,,,,,,,,,,
15,трип,трип,ru,drug_effect,Психоделический эффект наркотиков,10/10 в одно касание, по трипу отпишусь позже,,трип,,,,,,,,,,
16,марка,марка,ru,drugs,Марка LSD,съел две марки и ничего, беда,,марка|марки,,,,,,,,,,
17,ненаход,ненаход,ru,drug_trade,Сленг: покупатель не смог найти закладку,Был ненаход (клад похоронили под слоем бетона),,ненаход,,,,,,,,,,,
18,клад,клад,ru,drug_trade,Тайник с наркотиками,Клад в касание, стафф слабоват.,перезаклад, заклад, тайник,клад|перезаклад|заклад|тайник,,,,,,,,
19,кладмен,кладмен,ru,drug_trade,Человек, который делает закладки,Приятный и лёгкий сьем, кладмен молодец.,минёр, кладчик,кладмен|минёр|кладчик,,,,,,,,
20,касание,касание,ru,drug_trade,Закладка лежит на поверхности и легко находится,Клад снят в касание. Кладмен молодец.,,касание,,,,,,,,,,,
21,стаф,стаф,ru,drugs,Сленг для наркотиков или товара,Все супер, квест момент, Стафф как надо!,стафф,стаф|стафф,,,,,,,,,
22,бошка,бошка,ru,drugs,Сленг для шишек каннабиса,Все супер :) уже 6г скурено - бошка вышка,,бошка,,,,,,,,,,,
23,шишка,шишка,ru,drugs,Соцветие каннабиса,как всегда отличная шишка и недовеса 0.2 с двух грамм,,шишка,,,,,,,,,,,
24,камень,камень,ru,drugs,Кристаллическая форма наркотика,камень размыло дождем, нашел испачканую изоленту,,камень,,,,,,,,,,
25,ак47,ак47,ru,drugs,Сорт каннабиса AK-47,Взял второй раз 3г АК47,ak47,ак47|ak47,,,,,,,,,,,
26,трип,трип,ru,drug_effect,Психоделический эффект наркотиков,10/10 в одно касание, по трипу отпишусь позже,,трип,,,,,,,,,,
27,марка,марка,ru,drugs,Марка LSD,съел две марки и ничего, беда,,марка|марки,,,,,,,,,,
28,трава,трава,ru,drugs,Сленг для каннабиса,Сама трава пересушенная в этот раз, просто жесть.,,\bтрав\w*,,,,,,,,,,
29,приход,приход,ru,drug_effect,Состояние после приёма наркотика,После приёма был сильный приход,,приход,,,,,,,,,,,
30,кайф,кайф,ru,drug_effect,Эйфория,Получил кайф от дозы,,кайф,,,,,,,,,,,
31,эйфория,эйфория,ru,drug_effect,Эмоциональное состояние,Наступила эйфория,,эйфория,,,,,,,,,,,
32,улёт,улёт,ru,drug_effect,Состояние наркотического опьянения,Настоящий улёт после приёма,,улёт,,,,,,,,,,,
33,мажет,мажет,ru,general,Процесс употребления,Он мажет регулярно,,мажет,,,,,,,,,,,
34,система,система,ru,general,Постоянное употребление наркотика,Сидеть на системе тяжело,,система|сидеть на системе,,,,,,,,,,,
35,задуть,задуть,ru,general,Пустить пузырёк воздуха в вену,Он задул воздух в вену,,задуть,,,,,,,,,,,
36,отъехать,отъехать,ru,drug_effect,Передозировка или эффект наркотика,Он совсем отъехал,,отъехать,,,,,,,,,,,
37,хапанул лишка,хапанул лишка,ru,drug_effect,Передозировка,Он хапанул лишка,,хапанул лишка,,,,,,,,,,,
38,реба,реба,ru,general,Центр реабилитации,Попал в ребу,ребуха, ребусы,реба|ребуха|ребусы,,,,,,,,,,
39,закладка,закладка,ru,drug_trade,Место, где спрятан наркотик,Сделал новую закладку,клад, вес,закладка|клад|вес,,,,,,,,,
40,гердос,гердос,ru,drugs,Синоним героина,Взял гердос,герыч, гречка, ханка, мёд, медленный,гердос|герыч|гречка|ханка|мёд|медленный,,,,,,,
41,баян,баян,ru,instruments,Шприц,Взял баян,аппарат, инструмент,баян|аппарат|инструмент,,,,,,,,,,
42,вмазаться,вмазаться,ru,general,Уколоться,Вмазался по полной,уколоться, ширяться,вмазаться|уколоться|ширяться,,,,,,,,,,
43,ломка,ломка,ru,general,Абстинентный синдром,Сильная ломка,кумар, ломка костей, трясучка|абстяга,ломка|кумар|ломка костей|трясучка|абстяга,,,,,,,,,
44,варка,варка,ru,drugs,Раствор героина,Сделал варку,раствор,варка|раствор,,,,,,,,,,,
45,дорожка,дорожка,ru,general,Способ употребления,Нюхал дорожку,линия, трасса,дорожка|линия|трасса,,,,,,,,,,
46,кокс,кокс,ru,drugs,Кокаин,Кокс чистый,снег, белый порошок, кока, пыль,кокс|снег|белый порошок|кока|пыль,,,,,,,,
47,спиды,спиды,ru,drugs,Амфетамин,Скорость и спиды,скорость, фен, амф, мет, винт,спиды|скорость|фен|амф|мет|винт,,,,,,,
48,мяу,мяу,ru,drugs,Мефедрон,Мяу эффект сильный,меф,мяу|меф,,,,,,,,,,,
49,грибы,грибы,ru,drugs,Псилоцибиновые грибы,Нашёл волшебные грибы,волшебные грибы, псилоцибы,грибы|волшебные грибы|псилоцибы,,,,,,,,,,
50,кактусы,кактусы,ru,drugs,Мескалин,Пейотль и сан-педро,пейотль, сан-педро, папа Педро,кактусы|пейотль|сан-педро|папа Педро,,,,,,,,,
51,видения,видения,ru,drug_effect,Эффекты галлюциногенов,Видения странные,галлюцинации, изменённое сознание, расширение сознания, мистический опыт, другая реальность, путешествие,видения|галлюцинации|изменённое сознание|расширение сознания|мистический опыт|другая реальность|путешествие,,,,,,
52,бэд-трип,бэд-трип,ru,drug_effect,Негативный опыт,Бэд-трип был сильным,horror trip, ад, кошмар,бэд-трип|horror trip|ад|кошмар,,,,,,,,,
53,гаш,гаш,ru,drugs,Гашиш,Гаш хорошего качества,гашиш, марракеш, шоколад, киф, масло,гаш|гашиш|марракеш|шоколад|киф|масло,,,,,,,
54,косяк,косяк,ru,general,Способ употребления,Сделал косяк,джойнт, трубка, бонг, бульбулятор, водник, папироса,косяк|джойнт|трубка|бонг|бульбулятор|водник|папироса,,,,,,
55,накуриться,накуриться,ru,general,Процесс употребления,Хотел накуриться,убиться, дунуть, зависнуть, улететь, словить хай,накуриться|убиться|дунуть|зависнуть|улететь|словить хай,,,,,,,
56,хай,хай,ru,drug_effect,Эффект,Уровень хай высокий,кайф, релакс, приход, балдёж, облом, без травки, сушняк,хай|кайф|релакс|приход|балдёж|облом|без травки|сушняк,,,,,
57,спайс,спайс,ru,drugs,Синтетический каннабиноид,Спайс купил,миксы, легалка, химия, травка,спайс|миксы|легалка|химия|травка,,,,,,,,
58,соль,соль,ru,drugs,Синтетический стимулятор,Соль купил,скорость, кристаллы, мука,соль|скорость|кристаллы|мука,,,,,,,,,
59,внюхаться,внюхаться,ru,general,Способ употребления,Внюхался,нюхать, курить, употреблять внутривенно,внюхаться|нюхать|курить|употреблять внутривенно,,,,,,,,,
60,приход,приход,ru,drug_effect,Эффект,Приход сильный,эйфория, стимуляция, галлюцинации, изменённое сознание,приход|эйфория|стимуляция|галлюцинации|изменённое сознание,,,,,,,,
61,передоз,передоз,ru,drug_effect,Негативный эффект,Был передоз,отравление, психоз, бэд-трип, шиза, перекрыло,передоз|отравление|психоз|бэд-трип|шиза|перекрыло,,,,,,,
62,баян,баян,ru,instruments,Шприц,Взял баян,шприц, аппарат, машина, ложка, фольга, трубка, малява, грев, ксива, крыша, барыга,баян|шприц|аппарат|машина|ложка|фольга|трубка|малява|грев|ксива|крыша|барыга,
63,диск,диск,ru,drugs,Форма психоактивного вещества (таблетка),Одна из 5 таблов была как порошок. Диски хорошие - сердца,,диск,,,,,,,,,,,
64,таблетка,таблетка,ru,drugs,Частая форма употребления наркотика,Сами таблы хорошие, опытным можно сразу целую кушать,табл,таблетка|табл,,,,,,,,,,
65,шкуроход,шкуроход,ru,drug_trade,Человек, который ищет или забирает закладки,Место как по мне очевидное для шкуроходов,,шкуроход,,,,,,,,,,
66,кокос,кокос,ru,drugs,Часто употребляемая форма амфетамина/кокаина,Кокс хорошего качества,кокс,кокос|кокс,,,,,,,,,,,
67,аптека,аптека,ru,general,иметь доступ к лекарственным препаратам, употребляемых в качестве наркотиков,,,аптека,,,,,,,,,,
68,кассета,кассета,ru,drugs,название вощеной бумажки с дозой наркотика,,кассета,абстяга|кассета,,,,,,,,,,,
69,база,база,ru,drug_trade,место приобретения наркотика,,,база,,,,,,,,,,,
70,банкир,банкир,ru,drug_trade,человек, самодельно изготавливающий наркотики,,,банкир,,,,,,,,,,
71,банковать,банковать,ru,drug_trade,продавать самодельно изготовившийся наркотик,,,банковать,,,,,,,,,,,
72,барыга,барыга,ru,drug_trade,продавец героина, контактирующий с покупателем,,,барыга,,,,,,,,,,
73,беда,беда,ru,drugs,наркотики,,,беда,,,,,,,,,,,
74,бзикнуться,бзикнуться,ru,general,пристраститься к чему-то (бзикнуться на колесах),,,бзикнуться,,,,,,,,,,,
75,болты,болты,ru,drug_effect,вытаращенные глаза наркомана, который находится в опьяненном состоянии,,,болты,,,,,,,,,,
76,брахман,брахман,ru,drug_trade,продавец галлюциногенами,,,брахман,,,,,,,,,,,
77,бээфник,бээфник,ru,drug_trade,наркоман, употребляющий клей, сам токсикоман презрительно относится к слову,,,бээфник,,,,,,,,,
78,веревка,веревка,ru,general,вена,,,веревка,,,,,,,,,,,
79,вмазка,вмазка,ru,general,принять дозу,,,вмазка,,,,,,,,,,,
80,вольты,вольты,ru,drug_effect,галлюцинации и различные обманы восприятия,,,вольты,,,,,,,,,,,
81,впаривать,впаривать,ru,drug_trade,продать разбавленный наркотик,,,впаривать,,,,,,,,,,,
82,втертый,втертый,ru,drug_effect,человек, находящийся под наркотическим действием,,,втертый,,,,,,,,,,
83,втирать,втирать,ru,drug_trade,обманывать,,,втирать,,,,,,,,,,,
84,глюк,глюк,ru,drug_effect,(ловить глюки) галлюцинации,,,глюк,,,,,,,,,,,
85,гараж,гараж,ru,instruments,колпачок для шприца,,,гараж,,,,,,,,,,,
86,гонец,гонец,ru,drug_trade,мелкий торговец наркотических веществ,,,гонец,,,,,,,,,,,
87,грибница,грибница,ru,general,традиционное место группового приема галлюциногенов (чаще всего загородная дача),,,грибница,,,,,,,,,,,
88,двинутый,двинутый,ru,drug_effect,наркоман в опьянении или человек, сошедший с ума,,,двинутый,,,,,,,,,,
89,дербан,дербан,ru,general,территория или время сбора наркотического растительного сырья: «Поехать на дербан», «Пора дербанить»,,,дербан,,,,,,,,,,
90,деревяшка,деревяшка,ru,drugs,ампула с готовым наркотиком (как правило, лекарственного происхождения),,,деревяшка,,,,,,,,,,
91,депресняк,депресняк,ru,drug_effect,состояние плохого настроения и отсутствие энергии в период отмены наркотика,,,депресняк,,,,,,,,,,,
92,дискотня,дискотня,ru,general,дискотека,,дискотуха,дискотня|дискотуха,,,,,,,,,,,
93,йог,йог,ru,drug_trade,наркоман, употребляющий LSD, посетитель технодискотек,,,,,,,,,,,,
94,догоняться,догоняться,ru,general,принять повторную дозу наркотика после того, как первая показалась недостаточной для достижения кайфа,,,догоняться,,,,,,,,,,
95,доза,доза,ru,drugs,чаще всего вощеная бумажка с 0,05 граммами героина, иногда дозировка, необходимая для достижения кайфа («моя доза»),,дозняк,доза|дозняк,,,,,,,,
96,кимарить,кимарить,ru,general,быть токсикоманом (нюхать пары тех или иных веществ),,кимарить,кимарить,,,,,,,,,,,
97,драга,драга,ru,drugs,аптека,,,драга,,,,,,,,,,,
98,драч,драч,ru,drugs,наркотик (чаще анаша),,,драч,,,,,,,,,,,
99,дрянь,дрянь,ru,drugs,наркотик,,,дрянь,,,,,,,,,,,
100,дует,дует,ru,general,прокол шприцем стенки вены, образование подкожного инфильтрата,,,дует,,,,,,,,,,
101,дуплет,дуплет,ru,general,прием двух или более наркотиков одновременно (возможно наркотика вместе с водкой),,дуплить, отдуплиться,дуплет|дуплить|отдуплиться,,,,,,,,,,
102,дупло,дупло,ru,drugs,прием двух или более наркотиков одновременно (возможно наркотика вместе с водкой),,,дупло,,,,,,,,,,,
103,кислота,кислота,ru,drugs,наиболее распространенное название ЛСД,,кислота,кислота,,,,,,,,,,,
104,книжка,книжка,ru,drugs,пакетик с наркотиком, наркотики,,книжка,книжка,,,,,,,,,,
105,духарь,духарь,ru,drug_trade,искатель эзотерической истины. Сегодня очень часто применяется по отношению к людям, систематически принимающим галлюциногены,,,духарь,,,,,,,,,,
106,духовка,духовка,ru,drug_trade,компания духарей,,,духовка,,,,,,,,,,,
107,дырка,дырка,ru,drug_trade,незатягивающийся след от иньекции,,,дырка,,,,,,,,,,,
108,ерник,ерник,ru,instruments,ложка, в которой разводят водой порошок наркотика,,,ерник,,,,,,,,,,
109,жила,жила,ru,drugs,вена,,,жила,,,,,,,,,,,
110,жмых,жмых,ru,drugs,низкокачественный опий — сырец,,,жмых,,,,,,,,,,,
111,забодяжить,забодяжить,ru,drugs,то же, что и бодяжить,,,забодяжить,,,,,,,,,,
112,забой,забой,ru,drugs,музыка, рок («Под забой и ширнуться в кайф»),,,забой,,,,,,,,,,
113,зависать,зависать,ru,drugs,состояние суженого сознания с потерей чувства времени и застревание в притоне или компании,,зависнуть,зависать|зависнуть,,,,,,,,,,,
114,колесник,колесник,ru,drug_trade,наркоман, употребляющий таблетки,,колесник,колесник,,,,,,,,,,
115,завял,завял,ru,drugs,характеристики эпилептического припадка, потери сознания или смерти, связанных с приемом наркотика («… догнался Коля и завял»),,,завял,116,колотушка,колотушка,ru,drugs,печать на рецепте.,,,колотушка
116,колотушка,колотушка,ru,drugs,печать на рецепте,,,колотушк,,,,,,,,,,,
117,конь,конь,ru,drugs,емкость с наркотиком (пакетик, пузырек, облатка) Чаще всего это слово применяется по отношению к упаковке, в которой наркотик передается в тюрьму или больницу,,,конь,,,,,,,,
118,корабль,корабль,ru,drugs,бумажный пакетик с марихуаной «Корабли» бывают «однопалубные», «двухпалубные» и «трехпалубные» — в зависимости от количества находящейся в пакете марихуаны,,,корабль,,,,,,,,,,
119,кормушка,кормушка,ru,drugs,аптека или больница,,,кормушка,,,,,,,,,,,
120,косуха,косуха,ru,drugs,редкое названия дозы героина, как правило, подразумевает плохое качество «товара» Иногда точно так же называют папиросу или самокрутку с марихуаной,,,косуха,,,,,,,,,
121,крест,крест,ru,drugs,аптека,,,крест,,,,,,,,,,,
122,кресты,кресты,ru,drugs,аптека,,,кресты,,,,,,,,,,,
123,кубейка,кубейка,ru,drugs,1 миллилитр готового раствора наркотика,,,кубейка,,,,,,,,,,,
124,куб,куб,ru,drugs,1 миллилитр готового раствора наркотика,,,куб,,,,,,,,,,,
125,купец,купец,ru,drugs,более крупный продавец наркотика, как правило, общающийся не с наркоманами, а с барыгами,,,купец,,,,,,,,
126,лекарство,лекарство,ru,drugs,наркотик,,,лекарство,,,,,,,,,,,
127,лепила,лепила,ru,drugs,медицинский работник, у которого можно приобрести наркотики или рецепты,,,лепила,,,,,,,,,,
128,лечиться,лечиться,ru,drugs,приходить в себя во время синдрома отмены наркотика,,,лечиться,,,,,,,,,,,
129,личнуха,личнуха,ru,drugs,подделанная личная печать врача,,,личнуха,,,,,,,,,,,
130,ломки,ломки,ru,drugs,испытывать острую часть синдрома отмены наркотика,,,ломки,,,,,,,,,,,
131,ломаться,ломаться,ru,drugs,испытывать острую часть синдрома отмены наркотика,,,ломаться,,,,,,,,,,,
132,мазальщик,мазальщик,ru,drugs,опытный наркоман, умеющий хорошо делать иньекции,,,мазальщик,,,,,,,,,,
133,мазной,мазной,ru,drugs,опытный наркоман, умеющий хорошо делать иньекции,,,мазной,,,,,,,,,,
134,малява,малява,ru,drugs,рецептурный бланк,,,малява,,,,,,,,,,,
135,малюшка,малюшка,ru,drugs,рецептурный бланк,,,малюшка,,,,,,,,,,,
136,макил,макил,ru,drugs,человек, меняющий вещи на наркотики, торговец наркотиками или сам процесс обмена,,,макил,,,,,,,,,
137,макля,макля,ru,drugs,человек, меняющий вещи на наркотики, торговец наркотиками или сам процесс обмена,,,макля,,,,,,,,,
138,махил,махил,ru,drugs,человек, меняющий вещи на наркотики, торговец наркотиками или сам процесс обмена,,,махил,,,,,,,,,
139,марафет,марафет,ru,drugs,наркотики,,,марафет,,,,,,,,,,,
140,марафон,марафон,ru,drugs,длительное постоянное употребление наркотиков (особенно галлюциногенов) или употребление наркотиков на танцах,,,марафон,,,,,,,,,,,
141,марца,марца,ru,drugs,самодельные наркотические вещества, изготовляемые с применением марганцовокислого калия,,,марца,,,,,,,,,,
142,марцан,марцан,ru,drugs,самодельные наркотические вещества, изготовляемые с применением марганцовокислого калия,,,марцан,,,,,,,,,,
143,марцефаль,марцефаль,ru,drugs,самодельные наркотические вещества, изготовляемые с применением марганцовокислого калия,,,марцефаль,,,,,,,,,,
144,марцовка,марцовка,ru,drugs,самодельные наркотические вещества, изготовляемые с применением марганцовокислого калия,,,марцовка,,,,,,,,,,
145,масса,масса,ru,drugs,большая доза наркотиков,,,масса,,,,,,,,,,,
146,мулька,мулька,ru,drugs,любые наркотики, включая эфедрон или лекарства от простуды,,,мулька,,,,,,,,,,
147,мутить,мутить,ru,drugs,длительный процесс получения и употребления героина, включающий добычу денег, поиск продавца, компании, места приема,,,мутить,,,,,,,
148,замутить,замутить,ru,drugs,длительный процесс получения и употребления героина, включающий добычу денег, поиск продавца, компании, места приема,,,замутить,,,,,,,
149,нарк,нарк,ru,drugs,наркоман,,,нарк,,,,,,,,,,,
150,нарком,нарком,ru,drugs,наркоман,,,нарком,,,,,,,,,,,
151,наркот,наркот,ru,drugs,наркоман,,,наркот,,,,,,,,,,,
152,наркота,наркота,ru,drugs,наркоман,,,наркота,,,,,,,,,,,
153,наркоша,наркоша,ru,drugs,наркоман,,,наркоша,,,,,,,,,,,
154,,,,,,,,,,,,,,,,,,,
155,номерной,номерной,ru,drugs,новые образцы рецептурных бланков с номерами,,,номерной,,,,,,,,,,,
156,огород,огород,ru,drugs,подпольная плантация конопли, мака или место (подвал) выращивания галлюциногенных грибов,,,огород,,,,,,,,,,
157,отжимать,отжимать,ru,drugs,экстрагировать наркотик из отвара или сырья,,,отжим,,,,,,,,,,,
158,паль,паль,ru,drugs,наиболее дешевый наркотик,,,паль,,,,,,,,,,,
159,первак,первак,ru,drugs,первый, качественный раствор наркотика,,,перва,,,,,,,,,,
160,пласт,пласт,ru,general,упаковка таблетированных лекарств,,блистер,пласт,,,,,,,,,,,
161,повар,повар,ru,drug_trade,изготовитель самодельных наркотиков,,,повар,,,,,,,,,,,
162,подвиг,подвиг,ru,drug_effect,прием наркотиков,,,подви,,,,,,,,,,,
163,подогреть,подогреть,ru,drug_trade,угостить маленькой дозой наркотика,,,подог,,,,,,,,,,,
164,поискуха,поискуха,ru,drug_effect,состояние суженного сознания во время отмены наркотиков, выражающееся в непрерывном поиске наркотиков или предметов,,искуха,поиск,,,,,,,,,,
165,понюшка,понюшка,ru,drugs,доза наркотика для вдыхания носом,,,понюш,,,,,,,,,,,
166,продавать весом,продавать весом,ru,drug_trade,продавать героин не менее чем по 1 грамму,,,прода,,,,,,,,,,,
167,пунш,пунш,ru,drugs,смесь спиртного с таблетками и наркотиками,,,пунш,,,,,,,,,,,
168,пушер,пушер,ru,drug_trade,мелкий торговец наркотиками,,дилер,пушер,,,,,,,,,,,
169,пыха,пыха,ru,drugs,курево, часто наркотическое,,пыхать,пыхнуть,пыха,,,,,,,,,
170,разбодяжить,разбодяжить,ru,drug_trade,разбавить наркотик для перепродажи,,бодяжить,разбо,,,,,,,,,,,
171,релашка,релашка,ru,drugs,транквилизатор, используемый как наркотик или при синдроме отмены,,,релаш,,,,,,,,,,
172,рисовать,рисовать,ru,drug_trade,изготавливать поддельный рецепт,,,рисов,,,,,,,,,,,
173,художник,художник,ru,drug_trade,человек, делающий поддельные рецепты,,,худож,,,,,,,,,,
174,сонник,сонник,ru,drugs,снотворное или наркотик для сна,,,сонни,,,,,,,,,,,
175,сопля,сопля,ru,general,малолетний наркоман или токсикоман,,сопель,сопля,,,,,,,,,,,
176,стекло,стекло,ru,drugs,ампула с наркотиком, медицинские наркотики,,,стекл,,,,,,,,,,
177,таблетолог,таблетолог,ru,general,наркоман, употребляющий таблетки или врач-нарколог,,таблеточник,табле,,,,,,,,,,
178,таска,таска,ru,drug_effect,удовольствие от наркотиков,,,таска,,,,,,,,,,,
179,терка,терка,ru,drug_trade,поддельный врачебный рецепт,,,терка,,,,,,,,,,,
180,терочная,терочная,ru,general,аптека,,,тероч,,,,,,,,,,,
181,толкушка,толкушка,ru,drug_trade,поддельный врачебный рецепт,,,толку,,,,,,,,,,,
182,торчок,торчок,ru,general,наркоман,,,торчо,,,,,,,,,,,
183,точка,точка,ru,drug_trade,место покупки наркотиков,,,точка,,,,,,,,,,,
184,травник,травник,ru,drugs,наркоман, курящий марихуану или изготовитель галлюциногенов,,,травн,,,,,,,,,,
185,треуголка,треуголка,ru,drug_trade,поддельная треугольная печать поликлиники,,,треуг,,,,,,,,,,,
186,уголок,уголок,ru,drugs,самокрутка с марихуаной,,,уголо,,,,,,,,,,,
187,фантик,фантик,ru,drugs,пустая облатка от наркотика,,,фанти,,,,,,,,,,,
188,фуфырь,фуфырь,ru,drugs,пузырек с наркотиком,,,фуфыр,,,,,,,,,,,
189,хабар,хабар,ru,drug_trade,доход или прибыль от перепродажи наркотиков,,хабара,хабар,,,,,,,,,,,
190,хала,хала,ru,general,легкий доход,,,хала,,,,,,,,,,,
191,ханка,ханка,ru,drugs,наркотики,,,ханка,,,,,,,,,,,
192,химик,химик,ru,drug_trade,производитель или потребитель наркотиков,,,химик,,,,,,,,,,,
193,химия,химия,ru,drugs,наркотики или токсические вещества,,,химия,,,,,,,,,,,
194,хи-хи,хи-хи,ru,general,психиатрическая или наркологическая больница,,,хи-хи,,,,,,,,,,,
195,цикл,цикл,ru,drugs,циклодол,,цикла,циклуха,цикл,,,,,,,,,,
196,циклить,циклить,ru,drug_effect,употреблять циклодол как наркотик,,цикловать,циклодолить,цикли,,,,,,,,,,
197,чадить,чадить,ru,drug_effect,курить сигарету с наркотиком,,,чадит,,,,,,,,,,,
198,чинить,чинить,ru,drug_effect,проходить лечение,,чиниться,чинит,,,,,,,,,,,
199,чума,чума,ru,drugs,наркотик,,,чума,,,,,,,,,,,
200,чумовой,чумовой,ru,drug_effect,находящийся под действием наркотиков,,,чумов,,,,,,,,,,,
201,шаман,шаман,ru,drugs,человек, употребляющий галлюциногены,,,шаман,,,,,,,,,,
202,шар,шар,ru,drugs,1 мл раствора наркотика,,,шар,,,,,,,,,,,
203,ширка,ширка,ru,drugs,наркотики или шприц,,,ширка,,,,,,,,,,,
204,ширево,ширево,ru,drugs,наркотики,,ширевка,ширь,ширев,,,,,,,,,,
205,шлак,шлак,ru,drug_trade,сырье для изготовления наркотиков,,,шлак,,,,,,,,,,,
206,шмаль,шмаль,ru,drugs,сигареты с наркотиком,,,шмаль,,,,,,,,,,,
207,шпиганка,шпиганка,ru,drugs,доза наркотика,,,шпига,,,,,,,,,,,
208,штакет,штакет,ru,drugs,сигарета с наркотиком,,штакетина,штаке,,,,,,,,,,,
209,эфедринить,эфедринить,ru,drug_effect,употреблять эфедрин,,эфедринщик,эфедр,,,,,,,,,,,
210,яд,яд,ru,drugs,наркотик,,,яд,,,,,,,,,,,
,,Айс,,,форма мефедрина для курения.,,,,,,,,,,,,,,
,,Азот,,,таблетки азидотимидина.,,,,,,,,,,,,,,
,,Киборг,,,"Бырик, СП, Сапоги, Шустрый Бырятина, Быревич, Бырюга, Володарский, Семен Петрович, Порох, На Лебедюхе. — Шпиг, Шпэк, Сапоги, Скакалки, Шмыгарь Боб, Сало, Тренажор, Спидулин, Носы, Порох, S, Фэка, Шпага, Бомжатина — амфетамин.",,,,,,,,,,,,,,
,,Би-Бах,,,"Бырик, СП, Сапоги, Шустрый Бырятина, Быревич, Бырюга, Володарский, Семен Петрович, Порох, На Лебедюхе. — Шпиг, Шпэк, Сапоги, Скакалки, Шмыгарь Боб, Сало, Тренажор, Спидулин, Носы, Порох, S, Фэка, Шпага, Бомжатина — амфетамин.",,,,,,,,,,,,,,
,,Гиблый,,,"Бырик, СП, Сапоги, Шустрый Бырятина, Быревич, Бырюга, Володарский, Семен Петрович, Порох, На Лебедюхе. — Шпиг, Шпэк, Сапоги, Скакалки, Шмыгарь Боб, Сало, Тренажор, Спидулин, Носы, Порох, S, Фэка, Шпага, Бомжатина — амфетамин.",,,,,,,,,,,,,,
,,Амфа,,,"Бырик, СП, Сапоги, Шустрый Бырятина, Быревич, Бырюга, Володарский, Семен Петрович, Порох, На Лебедюхе. — Шпиг, Шпэк, Сапоги, Скакалки, Шмыгарь Боб, Сало, Тренажор, Спидулин, Носы, Порох, S, Фэка, Шпага, Бомжатина — амфетамин.",,,,,,,,,,,,,,
,,Витамин,,,"Бырик, СП, Сапоги, Шустрый Бырятина, Быревич, Бырюга, Володарский, Семен Петрович, Порох, На Лебедюхе. — Шпиг, Шпэк, Сапоги, Скакалки, Шмыгарь Боб, Сало, Тренажор, Спидулин, Носы, Порох, S, Фэка, Шпага, Бомжатина — амфетамин.",,,,,,,,,,,,,,
,,Пекс,,,"Бырик, СП, Сапоги, Шустрый Бырятина, Быревич, Бырюга, Володарский, Семен Петрович, Порох, На Лебедюхе. — Шпиг, Шпэк, Сапоги, Скакалки, Шмыгарь Боб, Сало, Тренажор, Спидулин, Носы, Порох, S, Фэка, Шпага, Бомжатина — амфетамин.",,,,,,,,,,,,,,
,,Фен,,,"Бырик, СП, Сапоги, Шустрый Бырятина, Быревич, Бырюга, Володарский, Семен Петрович, Порох, На Лебедюхе. — Шпиг, Шпэк, Сапоги, Скакалки, Шмыгарь Боб, Сало, Тренажор, Спидулин, Носы, Порох, S, Фэка, Шпага, Бомжатина — амфетамин.",,,,,,,,,,,,,,
,,Вася,,,"Бырик, СП, Сапоги, Шустрый Бырятина, Быревич, Бырюга, Володарский, Семен Петрович, Порох, На Лебедюхе. — Шпиг, Шпэк, Сапоги, Скакалки, Шмыгарь Боб, Сало, Тренажор, Спидулин, Носы, Порох, S, Фэка, Шпага, Бомжатина — амфетамин.",,,,,,,,,,,,,,
,,Витя,,,"Бырик, СП, Сапоги, Шустрый Бырятина, Быревич, Бырюга, Володарский, Семен Петрович, Порох, На Лебедюхе. — Шпиг, Шпэк, Сапоги, Скакалки, Шмыгарь Боб, Сало, Тренажор, Спидулин, Носы, Порох, S, Фэка, Шпага, Бомжатина — амфетамин.",,,,,,,,,,,,,,
,,Витюня,,,"Бырик, СП, Сапоги, Шустрый Бырятина, Быревич, Бырюга, Володарский, Семен Петрович, Порох, На Лебедюхе. — Шпиг, Шпэк, Сапоги, Скакалки, Шмыгарь Боб, Сало, Тренажор, Спидулин, Носы, Порох, S, Фэка, Шпага, Бомжатина — амфетамин.",,,,,,,,,,,,,,
,,Федя,,,"Бырик, СП, Сапоги, Шустрый Бырятина, Быревич, Бырюга, Володарский, Семен Петрович, Порох, На Лебедюхе. — Шпиг, Шпэк, Сапоги, Скакалки, Шмыгарь Боб, Сало, Тренажор, Спидулин, Носы, Порох, S, Фэка, Шпага, Бомжатина — амфетамин.",,,,,,,,,,,,,,
,,Шпикачка,,,"Бырик, СП, Сапоги, Шустрый Бырятина, Быревич, Бырюга, Володарский, Семен Петрович, Порох, На Лебедюхе. — Шпиг, Шпэк, Сапоги, Скакалки, Шмыгарь Боб, Сало, Тренажор, Спидулин, Носы, Порох, S, Фэка, Шпага, Бомжатина — амфетамин.",,,,,,,,,,,,,,
,,Шпэк,,,"Бырик, СП, Сапоги, Шустрый Бырятина, Быревич, Бырюга, Володарский, Семен Петрович, Порох, На Лебедюхе. — Шпиг, Шпэк, Сапоги, Скакалки, Шмыгарь Боб, Сало, Тренажор, Спидулин, Носы, Порох, S, Фэка, Шпага, Бомжатина — амфетамин.",,,,,,,,,,,,,,
,,Паша-Нюхарь,,,"Бырик, СП, Сапоги, Шустрый Бырятина, Быревич, Бырюга, Володарский, Семен Петрович, Порох, На Лебедюхе. — Шпиг, Шпэк, Сапоги, Скакалки, Шмыгарь Боб, Сало, Тренажор, Спидулин, Носы, Порох, S, Фэка, Шпага, Бомжатина — амфетамин.",,,,,,,,,,,,,,
,,Скоростюшка,,,"Бырик, СП, Сапоги, Шустрый Бырятина, Быревич, Бырюга, Володарский, Семен Петрович, Порох, На Лебедюхе. — Шпиг, Шпэк, Сапоги, Скакалки, Шмыгарь Боб, Сало, Тренажор, Спидулин, Носы, Порох, S, Фэка, Шпага, Бомжатина — амфетамин.",,,,,,,,,,,,,,
,,Света,,,"Бырик, СП, Сапоги, Шустрый Бырятина, Быревич, Бырюга, Володарский, Семен Петрович, Порох, На Лебедюхе. — Шпиг, Шпэк, Сапоги, Скакалки, Шмыгарь Боб, Сало, Тренажор, Спидулин, Носы, Порох, S, Фэка, Шпага, Бомжатина — амфетамин.",,,,,,,,,,,,,,
,,Шпреха(в Купчино) Штукатурка,,,"Бырик, СП, Сапоги, Шустрый Бырятина, Быревич, Бырюга, Володарский, Семен Петрович, Порох, На Лебедюхе. — Шпиг, Шпэк, Сапоги, Скакалки, Шмыгарь Боб, Сало, Тренажор, Спидулин, Носы, Порох, S, Фэка, Шпага, Бомжатина — амфетамин.",,,,,,,,,,,,,,
,,Ноздрик,,,"Бырик, СП, Сапоги, Шустрый Бырятина, Быревич, Бырюга, Володарский, Семен Петрович, Порох, На Лебедюхе. — Шпиг, Шпэк, Сапоги, Скакалки, Шмыгарь Боб, Сало, Тренажор, Спидулин, Носы, Порох, S, Фэка, Шпага, Бомжатина — амфетамин.",,,,,,,,,,,,,,
,,Плюса,,,"Бырик, СП, Сапоги, Шустрый Бырятина, Быревич, Бырюга, Володарский, Семен Петрович, Порох, На Лебедюхе. — Шпиг, Шпэк, Сапоги, Скакалки, Шмыгарь Боб, Сало, Тренажор, Спидулин, Носы, Порох, S, Фэка, Шпага, Бомжатина — амфетамин.",,,,,,,,,,,,,,
,,Скорость,,,"Бырик, СП, Сапоги, Шустрый Бырятина, Быревич, Бырюга, Володарский, Семен Петрович, Порох, На Лебедюхе. — Шпиг, Шпэк, Сапоги, Скакалки, Шмыгарь Боб, Сало, Тренажор, Спидулин, Носы, Порох, S, Фэка, Шпага, Бомжатина — амфетамин.",,,,,,,,,,,,,,
,,Дюк,,,"Бырик, СП, Сапоги, Шустрый Бырятина, Быревич, Бырюга, Володарский, Семен Петрович, Порох, На Лебедюхе. — Шпиг, Шпэк, Сапоги, Скакалки, Шмыгарь Боб, Сало, Тренажор, Спидулин, Носы, Порох, S, Фэка, Шпага, Бомжатина — амфетамин.",,,,,,,,,,,,,,
,,Капча,,,"Бырик, СП, Сапоги, Шустрый Бырятина, Быревич, Бырюга, Володарский, Семен Петрович, Порох, На Лебедюхе. — Шпиг, Шпэк, Сапоги, Скакалки, Шмыгарь Боб, Сало, Тренажор, Спидулин, Носы, Порох, S, Фэка, Шпага, Бомжатина — амфетамин.",,,,,,,,,,,,,,
,,также названия,,,"Бырик, СП, Сапоги, Шустрый Бырятина, Быревич, Бырюга, Володарский, Семен Петрович, Порох, На Лебедюхе. — Шпиг, Шпэк, Сапоги, Скакалки, Шмыгарь Боб, Сало, Тренажор, Спидулин, Носы, Порох, S, Фэка, Шпага, Бомжатина — амфетамин.",,,,,,,,,,,,,,
,,употребляемые преимущественно на Комендане.,,,"Бырик, СП, Сапоги, Шустрый Бырятина, Быревич, Бырюга, Володарский, Семен Петрович, Порох, На Лебедюхе. — Шпиг, Шпэк, Сапоги, Скакалки, Шмыгарь Боб, Сало, Тренажор, Спидулин, Носы, Порох, S, Фэка, Шпага, Бомжатина — амфетамин.",,,,,,,,,,,,,,
,,Анестезиюшка,,,"калипсол, или кетамин, медицинское средство для наркоза, мощный диссоциатив.",,,,,,,,,,,,,,
,,Кетиш,,,"калипсол, или кетамин, медицинское средство для наркоза, мощный диссоциатив.",,,,,,,,,,,,,,
,,Витамин К,,,"калипсол, или кетамин, медицинское средство для наркоза, мощный диссоциатив.",,,,,,,,,,,,,,
,,Антрацит,,,общее название сухих кристаллических наркотиков.,,,,,,,,,,,,,,
,,Атом,,,"этаминал натрия, сильное снотворное средство, производное барбитуровой кислоты, используемое в качестве наркотического.",,,,,,,,,,,,,,
,,Афганка,,,"конопля, выращеная и привезённая из Афганистана.",,,,,,,,,,,,,,
,,Балтийский чай,,,коктейль из водки с кокаином.,,,,,,,,,,,,,,
,,Базик,,,"трава (не обязательно марихуана), вымоченная в растворе pcp (писипи) и высушенная, имеющая соответствующее действие, применяется для курения.",,,,,,,,,,,,,,
,,Белый,,,"как правило, очищенный героин или морфин - в виде белого порошка, в противовес «Чёрному» — опию-сырцу (ханке).",,,,,,,,,,,,,,
,,Беленький,,,"как правило, очищенный героин или морфин - в виде белого порошка, в противовес «Чёрному» — опию-сырцу (ханке).",,,,,,,,,,,,,,
,,Белдыга,,,"как правило, очищенный героин или морфин - в виде белого порошка, в противовес «Чёрному» — опию-сырцу (ханке).",,,,,,,,,,,,,,
,,Бутик,,,"натрия оксибутират, «жидкий экстази».",,,,,,,,,,,,,,
,,Буратино,,,"натрия оксибутират, «жидкий экстази».",,,,,,,,,,,,,,
,,Вода,,,"натрия оксибутират, «жидкий экстази».",,,,,,,,,,,,,,
,,Пляс-Вода,,,"натрия оксибутират, «жидкий экстази».",,,,,,,,,,,,,,
,,Оксик,,,"натрия оксибутират, «жидкий экстази».",,,,,,,,,,,,,,
,,Оксана,,,"натрия оксибутират, «жидкий экстази».",,,,,,,,,,,,,,
,,Буте(и)рат,,,"натрия оксибутират, «жидкий экстази».",,,,,,,,,,,,,,
,,Бут(е)ир,,,"натрия оксибутират, «жидкий экстази».",,,,,,,,,,,,,,
,,Винт,,,"первитин, метамфетамин.",,,,,,,,,,,,,,
,,В,,,"первитин, метамфетамин.",,,,,,,,,,,,,,
,,Виктор Палыч,,,"первитин, метамфетамин.",,,,,,,,,,,,,,
,,Витёк,,,"первитин, метамфетамин.",,,,,,,,,,,,,,
,,Первый,,,"первитин, метамфетамин.",,,,,,,,,,,,,,
,,Анаша,,,"вонючка), Петрушка, Чё, Газета, Шмале-волокно, Гринфилд, Дым, Пятка, Кукис, Рыжуха, Марь Иванна, Нитротодаксин(сев. Казахстан) — марихуана.",,,,,,,,,,,,,,
,,Баш,,,"вонючка), Петрушка, Чё, Газета, Шмале-волокно, Гринфилд, Дым, Пятка, Кукис, Рыжуха, Марь Иванна, Нитротодаксин(сев. Казахстан) — марихуана.",,,,,,,,,,,,,,
,,Баха,,,"вонючка), Петрушка, Чё, Газета, Шмале-волокно, Гринфилд, Дым, Пятка, Кукис, Рыжуха, Марь Иванна, Нитротодаксин(сев. Казахстан) — марихуана.",,,,,,,,,,,,,,
,,Беладонна,,,"вонючка), Петрушка, Чё, Газета, Шмале-волокно, Гринфилд, Дым, Пятка, Кукис, Рыжуха, Марь Иванна, Нитротодаксин(сев. Казахстан) — марихуана.",,,,,,,,,,,,,,
,,Дед,,,"вонючка), Петрушка, Чё, Газета, Шмале-волокно, Гринфилд, Дым, Пятка, Кукис, Рыжуха, Марь Иванна, Нитротодаксин(сев. Казахстан) — марихуана.",,,,,,,,,,,,,,
,,Дубас,,,"вонючка), Петрушка, Чё, Газета, Шмале-волокно, Гринфилд, Дым, Пятка, Кукис, Рыжуха, Марь Иванна, Нитротодаксин(сев. Казахстан) — марихуана.",,,,,,,,,,,,,,
,,Дядя,,,"вонючка), Петрушка, Чё, Газета, Шмале-волокно, Гринфилд, Дым, Пятка, Кукис, Рыжуха, Марь Иванна, Нитротодаксин(сев. Казахстан) — марихуана.",,,,,,,,,,,,,,
,,Дядя Бо,,,"вонючка), Петрушка, Чё, Газета, Шмале-волокно, Гринфилд, Дым, Пятка, Кукис, Рыжуха, Марь Иванна, Нитротодаксин(сев. Казахстан) — марихуана.",,,,,,,,,,,,,,
,,Бо-бо,,,"вонючка), Петрушка, Чё, Газета, Шмале-волокно, Гринфилд, Дым, Пятка, Кукис, Рыжуха, Марь Иванна, Нитротодаксин(сев. Казахстан) — марихуана.",,,,,,,,,,,,,,
,,Дудка,,,"вонючка), Петрушка, Чё, Газета, Шмале-волокно, Гринфилд, Дым, Пятка, Кукис, Рыжуха, Марь Иванна, Нитротодаксин(сев. Казахстан) — марихуана.",,,,,,,,,,,,,,
,,Шишки,,,"вонючка), Петрушка, Чё, Газета, Шмале-волокно, Гринфилд, Дым, Пятка, Кукис, Рыжуха, Марь Иванна, Нитротодаксин(сев. Казахстан) — марихуана.",,,,,,,,,,,,,,
,,Срост,,,"вонючка), Петрушка, Чё, Газета, Шмале-волокно, Гринфилд, Дым, Пятка, Кукис, Рыжуха, Марь Иванна, Нитротодаксин(сев. Казахстан) — марихуана.",,,,,,,,,,,,,,
,,Драп,,,"вонючка), Петрушка, Чё, Газета, Шмале-волокно, Гринфилд, Дым, Пятка, Кукис, Рыжуха, Марь Иванна, Нитротодаксин(сев. Казахстан) — марихуана.",,,,,,,,,,,,,,
,,Дуст,,,"вонючка), Петрушка, Чё, Газета, Шмале-волокно, Гринфилд, Дым, Пятка, Кукис, Рыжуха, Марь Иванна, Нитротодаксин(сев. Казахстан) — марихуана.",,,,,,,,,,,,,,
,,Каннабис,,,"вонючка), Петрушка, Чё, Газета, Шмале-волокно, Гринфилд, Дым, Пятка, Кукис, Рыжуха, Марь Иванна, Нитротодаксин(сев. Казахстан) — марихуана.",,,,,,,,,,,,,,
,,Масть,,,"вонючка), Петрушка, Чё, Газета, Шмале-волокно, Гринфилд, Дым, Пятка, Кукис, Рыжуха, Марь Иванна, Нитротодаксин(сев. Казахстан) — марихуана.",,,,,,,,,,,,,,
,,План,,,"вонючка), Петрушка, Чё, Газета, Шмале-волокно, Гринфилд, Дым, Пятка, Кукис, Рыжуха, Марь Иванна, Нитротодаксин(сев. Казахстан) — марихуана.",,,,,,,,,,,,,,
,,Пластик,,,"вонючка), Петрушка, Чё, Газета, Шмале-волокно, Гринфилд, Дым, Пятка, Кукис, Рыжуха, Марь Иванна, Нитротодаксин(сев. Казахстан) — марихуана.",,,,,,,,,,,,,,
,,Пал Палыч,,,"вонючка), Петрушка, Чё, Газета, Шмале-волокно, Гринфилд, Дым, Пятка, Кукис, Рыжуха, Марь Иванна, Нитротодаксин(сев. Казахстан) — марихуана.",,,,,,,,,,,,,,
,,Раса,,,"вонючка), Петрушка, Чё, Газета, Шмале-волокно, Гринфилд, Дым, Пятка, Кукис, Рыжуха, Марь Иванна, Нитротодаксин(сев. Казахстан) — марихуана.",,,,,,,,,,,,,,
,,Ручник,,,"вонючка), Петрушка, Чё, Газета, Шмале-волокно, Гринфилд, Дым, Пятка, Кукис, Рыжуха, Марь Иванна, Нитротодаксин(сев. Казахстан) — марихуана.",,,,,,,,,,,,,,
,,Сканк (английский,,,"вонючка), Петрушка, Чё, Газета, Шмале-волокно, Гринфилд, Дым, Пятка, Кукис, Рыжуха, Марь Иванна, Нитротодаксин(сев. Казахстан) — марихуана.",,,,,,,,,,,,,,
,,Ганджа,,,марихуана.,,,,,,,,,,,,,,
,,Ганжа,,,марихуана.,,,,,,,,,,,,,,
,,Ганджубас,,,марихуана.,,,,,,,,,,,,,,
,,Ганя,,,марихуана.,,,,,,,,,,,,,,
,,Зелёнка,,,марихуана.,,,,,,,,,,,,,,
,,Сенсимилья,,,марихуана.,,,,,,,,,,,,,,
,,Виталя,,,марихуана.,,,,,,,,,,,,,,
,,Галя,,,гашиш.,,,,,,,,,,,,,,
,,Гарик,,,гашиш.,,,,,,,,,,,,,,
,,Гарисон Форд,,,гашиш.,,,,,,,,,,,,,,
,,Гарсон,,,гашиш.,,,,,,,,,,,,,,
,,Гашик,,,гашиш.,,,,,,,,,,,,,,
,,Свежак,,,гашиш.,,,,,,,,,,,,,,
,,Кэмчик,,,гашиш.,,,,,,,,,,,,,,
,,Кэм,,,гашиш.,,,,,,,,,,,,,,
,,Камон,,,гашиш.,,,,,,,,,,,,,,
,,Кэмел,,,гашиш.,,,,,,,,,,,,,,
,,Кэл (в Купчино),,,гашиш.,,,,,,,,,,,,,,
,,Кирпич,,,гашиш.,,,,,,,,,,,,,,
,,Хлеб,,,гашиш.,,,,,,,,,,,,,,
,,Аршин,,,гашиш.,,,,,,,,,,,,,,
,,Геннадий,,,гашиш.,,,,,,,,,,,,,,
,,Хэш (английский),,,гашиш.,,,,,,,,,,,,,,
,,Товарищ Игорь,,,гашиш.,,,,,,,,,,,,,,
,,Гари Гарисон,,,гашиш.,,,,,,,,,,,,,,
,,Ярик,,,гашиш.,,,,,,,,,,,,,,
,,Ляпка,,,гашиш.,,,,,,,,,,,,,,
,,Гаштет,,,гашиш.,,,,,,,,,,,,,,
,,Гера,,,героин.,,,,,,,,,,,,,,
,,Герыч,,,героин.,,,,,,,,,,,,,,
,,Герик,,,героин.,,,,,,,,,,,,,,
,,Герасим,,,героин.,,,,,,,,,,,,,,
,,Герман,,,героин.,,,,,,,,,,,,,,
,,Гертруда,,,героин.,,,,,,,,,,,,,,
,,Говно (в Санкт-Петербурге),,,героин.,,,,,,,,,,,,,,
,,Греча,,,героин.,,,,,,,,,,,,,,
,,Гречка,,,героин.,,,,,,,,,,,,,,
,,Второй,,,героин.,,,,,,,,,,,,,,
,,Хмурый,,,героин.,,,,,,,,,,,,,,
,,Перец,,,героин.,,,,,,,,,,,,,,
,,Детский Митрофан,,,"декстрометорфан, DXM — диссоциатив, активное вещество в сиропах от кашля («Туссин Плюс», «Гликодин» и т. п.) и в некоторых таблетках от кашля («Атуссин»).",,,,,,,,,,,,,,
,,Дэкс,,,"декстрометорфан, DXM — диссоциатив, активное вещество в сиропах от кашля («Туссин Плюс», «Гликодин» и т. п.) и в некоторых таблетках от кашля («Атуссин»).",,,,,,,,,,,,,,
,,Декс,,,"декстрометорфан, DXM — диссоциатив, активное вещество в сиропах от кашля («Туссин Плюс», «Гликодин» и т. п.) и в некоторых таблетках от кашля («Атуссин»).",,,,,,,,,,,,,,
,,Декстра,,,"декстрометорфан, DXM — диссоциатив, активное вещество в сиропах от кашля («Туссин Плюс», «Гликодин» и т. п.) и в некоторых таблетках от кашля («Атуссин»).",,,,,,,,,,,,,,
,,Джараш,,,"курительные миксы — энтеогенные и ароматические травы, предположительно, опрыскиваемые синтетическим каннабиноидом JWH-018 (1-pentyl-3-(1-naphthoyl)indole)",,,,,,,,,,,,,,
,,Индусик,,,"курительные миксы — энтеогенные и ароматические травы, предположительно, опрыскиваемые синтетическим каннабиноидом JWH-018 (1-pentyl-3-(1-naphthoyl)indole)",,,,,,,,,,,,,,
,,смок,,,"курительные миксы — энтеогенные и ароматические травы, предположительно, опрыскиваемые синтетическим каннабиноидом JWH-018 (1-pentyl-3-(1-naphthoyl)indole)",,,,,,,,,,,,,,
,,май и т. д.,,,"курительные миксы — энтеогенные и ароматические травы, предположительно, опрыскиваемые синтетическим каннабиноидом JWH-018 (1-pentyl-3-(1-naphthoyl)indole)",,,,,,,,,,,,,,
,,Джанк,,,"(английский — отбросы) общее название опиатов (героин, кодеин, ханка).",,,,,,,,,,,,,,
,,Джеф,,,"эфедрон (меткатинон), кустарно полученный из эфедрина.",,,,,,,,,,,,,,
,,Дима,,,дифенгидрамин.,,,,,,,,,,,,,,
,,Дичка,,,"трава низкого качества, иногда имеется ввиду дикорастущая конопля.",,,,,,,,,,,,,,
,,Шала,,,"трава низкого качества, иногда имеется ввиду дикорастущая конопля.",,,,,,,,,,,,,,
,,Шалапета,,,"трава низкого качества, иногда имеется ввиду дикорастущая конопля.",,,,,,,,,,,,,,
,,Шалубень,,,"трава низкого качества, иногда имеется ввиду дикорастущая конопля.",,,,,,,,,,,,,,
,,Шалубас,,,"трава низкого качества, иногда имеется ввиду дикорастущая конопля.",,,,,,,,,,,,,,
,,Беспонтовка,,,"трава низкого качества, иногда имеется ввиду дикорастущая конопля.",,,,,,,,,,,,,,
,,Нифель,,,"трава низкого качества, иногда имеется ввиду дикорастущая конопля.",,,,,,,,,,,,,,
,,Бутер,,,"трава низкого качества, иногда имеется ввиду дикорастущая конопля.",,,,,,,,,,,,,,
,,Порожняк,,,"трава низкого качества, иногда имеется ввиду дикорастущая конопля.",,,,,,,,,,,,,,
,,Арычница,,,"трава низкого качества, иногда имеется ввиду дикорастущая конопля.",,,,,,,,,,,,,,
,,Подзаборка,,,"трава низкого качества, иногда имеется ввиду дикорастущая конопля.",,,,,,,,,,,,,,
,,Дурь,,,"марихуана, гашиш.",,,,,,,,,,,,,,
,,E,,,экстази.,,,,,,,,,,,,,,
,,Ешка,,,экстази.,,,,,,,,,,,,,,
,,Мерседесы,,,экстази.,,,,,,,,,,,,,,
,,Мицики,,,экстази.,,,,,,,,,,,,,,
,,Пиктограммы и т. д. (в зависимости от типа),,,экстази.,,,,,,,,,,,,,,
,,Кальций,,,барбитурат кальция.,,,,,,,,,,,,,,
,,Твёрдый,,,"гашиш, твёрдой консистенции.",,,,,,,,,,,,,,
,,Колеса,,,наркотик в таблетках (чаще всего экстази).,,,,,,,,,,,,,,
,,Круглые,,,наркотик в таблетках (чаще всего экстази).,,,,,,,,,,,,,,
,,Диски,,,наркотик в таблетках (чаще всего экстази).,,,,,,,,,,,,,,
,,Бублики,,,наркотик в таблетках (чаще всего экстази).,,,,,,,,,,,,,,
,,Крокодил,,,дезоморфин.,,,,,,,,,,,,,,
,,Дот,,,ЛСД.,,,,,,,,,,,,,,
,,Микродот,,,ЛСД.,,,,,,,,,,,,,,
,,Двадцать Пятое (из-за шифра LSD-25),,,ЛСД.,,,,,,,,,,,,,,
,,Кислое,,,ЛСД.,,,,,,,,,,,,,,
,,Кисляк,,,ЛСД.,,,,,,,,,,,,,,
,,Лиза,,,ЛСД.,,,,,,,,,,,,,,
,,Лизер (от лизергиновая кислота),,,ЛСД.,,,,,,,,,,,,,,
,,Лимон,,,ЛСД.,,,,,,,,,,,,,,
,,Люся,,,ЛСД.,,,,,,,,,,,,,,
,,Хофман,,,ЛСД.,,,,,,,,,,,,,,
,,Как у Иры,,,кокаин.,,,,,,,,,,,,,,
,,Иней,,,кокаин.,,,,,,,,,,,,,,
,,Мел,,,кокаин.,,,,,,,,,,,,,,
,,Номер 1,,,кокаин.,,,,,,,,,,,,,,
,,Орех,,,кокаин.,,,,,,,,,,,,,,
,,Снег,,,кокаин.,,,,,,,,,,,,,,
,,Николай Николаевич,,,кокаин.,,,,,,,,,,,,,,
,,Кекс,,,кокаин.,,,,,,,,,,,,,,
,,дядя Костя,,,кокаин.,,,,,,,,,,,,,,
,,Красный крест,,,аптечный пункт.,,,,,,,,,,,,,,
,,зелёный крест,,,аптечный пункт.,,,,,,,,,,,,,,
,,драгстерия,,,аптечный пункт.,,,,,,,,,,,,,,
,,Крэк (английский: треск,,,"кокаин в виде основания, получаемый нагреванием кокаина с содой. Крэк курится через специальные трубочки.",,,,,,,,,,,,,,
,,хруст),,,"кокаин в виде основания, получаемый нагреванием кокаина с содой. Крэк курится через специальные трубочки.",,,,,,,,,,,,,,
,,Куземяка,,,героин.,,,,,,,,,,,,,,
,,Хмурь,,,героин.,,,,,,,,,,,,,,
,,Говно,,,героин.,,,,,,,,,,,,,,
,,Говнишко,,,героин.,,,,,,,,,,,,,,
,,Тёмный,,,героин.,,,,,,,,,,,,,,
,,Медицина,,,"морфий или другой опиат (промедол, омнопон), выпущенный в ампулах для медицинских целей.",,,,,,,,,,,,,,
,,Кристалл,,,метамфетамин.,,,,,,,,,,,,,,
,,Мет,,,метамфетамин.,,,,,,,,,,,,,,
,,Метамфа,,,метамфетамин.,,,,,,,,,,,,,,
,,Порох,,,метамфетамин.,,,,,,,,,,,,,,
,,Москва,,,шкатулка для хранения гашиша.,,,,,,,,,,,,,,
,,Настя,,,"кетамин, сильный диссоциатив.",,,,,,,,,,,,,,
,,пончики,,,гидропоника.,,,,,,,,,,,,,,
,,поника,,,гидропоника.,,,,,,,,,,,,,,
,,Гидра,,,гидропоника.,,,,,,,,,,,,,,
,,Гидрач,,,гидропоника.,,,,,,,,,,,,,,
,,Пыль,,,кокаин.,,,,,,,,,,,,,,
,,№ 1,,,кокаин.,,,,,,,,,,,,,,
,,Сало,,,Лекарство от кашля «Солутан».,,,,,,,,,,,,,,
,,Салют,,,Лекарство от кашля «Солутан».,,,,,,,,,,,,,,
,,Синя,,,алкоголь.,,,,,,,,,,,,,,
,,Синька,,,алкоголь.,,,,,,,,,,,,,,
,,Сканк,,,сорт психотропной конопли с высоким содержанием тетрагидроканнабинола.,,,,,,,,,,,,,,
,,Скан,,,сорт психотропной конопли с высоким содержанием тетрагидроканнабинола.,,,,,,,,,,,,,,
,,Спид (Спиды) (английский,,,"скорость), Фен, Шустрый, Быстрый, Роп — амфетамин (фенамин).",,,,,,,,,,,,,,
,,Солома,,,1. марихуана низкого качества; 2. высушенный и измельчённый опиумный или масляничный мак.,,,,,,,,,,,,,,
,,Сонники,,,седативные или снотворные препараты.,,,,,,,,,,,,,,
,,Терп,,,кодеиновые таблетки.,,,,,,,,,,,,,,
,,Терпинкод,,,кодеиновые таблетки.,,,,,,,,,,,,,,
,,Нурофен +,,,кодеиновые таблетки.,,,,,,,,,,,,,,
,,Коделак,,,кодеиновые таблетки.,,,,,,,,,,,,,,
,,Трам,,,"трамал, анальгетическое опиоидное средство.",,,,,,,,,,,,,,
,,Хайс (английский,,,highs) — любой из подвидов наркотиков.,,,,,,,,,,,,,,
,,Грязь,,,"опиум-сырец, засохший сок опийного мака.",,,,,,,,,,,,,,
,,Чёрный,,,"опиум-сырец, засохший сок опийного мака.",,,,,,,,,,,,,,
,,Черняшка,,,"опиум-сырец, засохший сок опийного мака.",,,,,,,,,,,,,,
,,Хэйс (английский,,,haze) — вид конопли (например Purple Haze).,,,,,,,,,,,,,,
,,Апулуха,,,ампула с наркотическим раствором.,,,,,,,,,,,,,,
,,Хуюха,,,ампула с наркотическим раствором.,,,,,,,,,,,,,,
,,Бутылка,,,ампула с наркотическим раствором.,,,,,,,,,,,,,,
,,Варшавка,,,"смесь так называемых «быстрых» и «медленных» наркотиков — кокаин, амфетамин + морфий, героин, метадон.",,,,,,,,,,,,,,
,,Качели,,,"смесь так называемых «быстрых» и «медленных» наркотиков — кокаин, амфетамин + морфий, героин, метадон.",,,,,,,,,,,,,,
,,Гашиш,,,"вещество напоминающее по строению пластилин, курят как ганжу, за исключение косяков.",,,,,,,,,,,,,,
,,Пластилин,,,"вещество напоминающее по строению пластилин, курят как ганжу, за исключение косяков.",,,,,,,,,,,,,,
,,Гашло,,,"вещество напоминающее по строению пластилин, курят как ганжу, за исключение косяков.",,,,,,,,,,,,,,
,,Мáцанка,,,"вещество напоминающее по строению пластилин, курят как ганжу, за исключение косяков.",,,,,,,,,,,,,,
,,Бокш,,,"вещество напоминающее по строению пластилин, курят как ганжу, за исключение косяков.",,,,,,,,,,,,,,
,,Калик,,,"таблетка, наркотик в таблетированной форме.",,,,,,,,,,,,,,
,,Конфета,,,"таблетка, наркотик в таблетированной форме.",,,,,,,,,,,,,,
,,Колесо,,,"таблетка, наркотик в таблетированной форме.",,,,,,,,,,,,,,
,,Тапок,,,"таблетка, наркотик в таблетированной форме.",,,,,,,,,,,,,,
,,Кнопка,,,"таблетка, наркотик в таблетированной форме.",,,,,,,,,,,,,,
,,Круглое,,,"таблетка, наркотик в таблетированной форме.",,,,,,,,,,,,,,
,,Табла,,,"таблетка, наркотик в таблетированной форме.",,,,,,,,,,,,,,
,,Тапка,,,"таблетка, наркотик в таблетированной форме.",,,,,,,,,,,,,,
,,Радуга,,,"таблетка, наркотик в таблетированной форме.",,,,,,,,,,,,,,
,,Шайба,,,"таблетка, наркотик в таблетированной форме.",,,,,,,,,,,,,,
,,Каша,,,высококачественный продукт из марихуаны. Мельчайшая фракция при просеве жареная на подсолнечным маслом.,,,,,,,,,,,,,,
,,Кузьмич,,,"жаренная в масле марихуана, иногда с кашей.",,,,,,,,,,,,,,
,,Жарёха,,,"жаренная в масле марихуана, иногда с кашей.",,,,,,,,,,,,,,
,,Ликвид,,,(английский — жидкость) раствор ЛСД.,,,,,,,,,,,,,,
,,Лошадь,,,огромный расплющенный кусок гашиша.,,,,,,,,,,,,,,
,,Спартанская,,,огромный расплющенный кусок гашиша.,,,,,,,,,,,,,,
,,Гангста плюха,,,огромный расплющенный кусок гашиша.,,,,,,,,,,,,,,
,,Иксовая,,,огромный расплющенный кусок гашиша.,,,,,,,,,,,,,,
,,Спортивная,,,огромный расплющенный кусок гашиша.,,,,,,,,,,,,,,
,,Шмель,,,огромный расплющенный кусок гашиша.,,,,,,,,,,,,,,
,,Квадрат,,,"почтовая марка, имеющая с клеевой стороны слой ЛСД или другого наркотика. Чтобы употребить наркотик, марку лижут, как перед наклеиванием на конверт, или проглатывают (см. Промокашка).",,,,,,,,,,,,,,
,,Молочище,,,отвар из молока и кустов конопли.,,,,,,,,,,,,,,
,,Манага,,,отвар из молока и кустов конопли.,,,,,,,,,,,,,,
,,Маняга,,,отвар из молока и кустов конопли.,,,,,,,,,,,,,,
,,Молоко,,,отвар из молока и кустов конопли.,,,,,,,,,,,,,,
,,Молочина,,,отвар из молока и кустов конопли.,,,,,,,,,,,,,,
,,Мэнис,,,отвар из молока и кустов конопли.,,,,,,,,,,,,,,
,,Молоканка,,,отвар из молока и кустов конопли.,,,,,,,,,,,,,,
,,Буча в Приморском крае это слово звучит как Молоханка (по теории от озера Ханка,,,отвар из молока и кустов конопли.,,,,,,,,,,,,,,
,,в районах которого процветает выращивание высококачественной конопли),,,отвар из молока и кустов конопли.,,,,,,,,,,,,,,
,,Мягкий,,,"гашиш, по консистенции напоминающий пластилин.",,,,,,,,,,,,,,
,,Пластид,,,"гашиш, по консистенции напоминающий пластилин.",,,,,,,,,,,,,,
,,Черный Русский,,,"гашиш, по консистенции напоминающий пластилин.",,,,,,,,,,,,,,
,,Мякиш,,,"гашиш, по консистенции напоминающий пластилин.",,,,,,,,,,,,,,
,,Резина,,,"гашиш, по консистенции напоминающий пластилин.",,,,,,,,,,,,,,
,,Покрышка,,,"гашиш, по консистенции напоминающий пластилин.",,,,,,,,,,,,,,
,,Мацанка,,,"гашиш, по консистенции напоминающий пластилин.",,,,,,,,,,,,,,
,,Напас,,,один колпачок (из наперстка) травы сухой марихуаны.,,,,,,,,,,,,,,
,,Плюха,,,сплющенный кусочек гашиша.,,,,,,,,,,,,,,
,,Плюшка,,,сплющенный кусочек гашиша.,,,,,,,,,,,,,,
,,Плюшенция,,,сплющенный кусочек гашиша.,,,,,,,,,,,,,,
,,Родинка,,,сплющенный кусочек гашиша.,,,,,,,,,,,,,,
,,Ляп,,,порошок амфетамина/метамфетамина.,,,,,,,,,,,,,,
,,Ляпочка,,,порошок амфетамина/метамфетамина.,,,,,,,,,,,,,,
,,Промокашка,,,"небольшой кусочек плотной бумаги, пропитанный раствором ЛСД.",,,,,,,,,,,,,,
,,Бумага,,,"небольшой кусочек плотной бумаги, пропитанный раствором ЛСД.",,,,,,,,,,,,,,
,,Роготряс,,,"Трава чем то похожая на СПАЙС, химически экстрагированный спиртом, ацетоном или эфиром THC из Полевой ромашки и марихуанны. Обладает сильным эффектом одурманивания, После курения быстро накрывает через 10 - 30 секунд.",,,,,,,,,,,,,,
,,Рогиш,,,"Трава чем то похожая на СПАЙС, химически экстрагированный спиртом, ацетоном или эфиром THC из Полевой ромашки и марихуанны. Обладает сильным эффектом одурманивания, После курения быстро накрывает через 10 - 30 секунд.",,,,,,,,,,,,,,
,,Рога,,,"Трава чем то похожая на СПАЙС, химически экстрагированный спиртом, ацетоном или эфиром THC из Полевой ромашки и марихуанны. Обладает сильным эффектом одурманивания, После курения быстро накрывает через 10 - 30 секунд.",,,,,,,,,,,,,,
,,Сахар,,,"небольшой кусок сахара-рафинада, пропитанный ЛСД.",,,,,,,,,,,,,,
,,Сыпуха,,,наркотик в порошкообразном виде.,,,,,,,,,,,,,,
,,Шмыга,,,порошок высокопробного амфетамина.,,,,,,,,,,,,,,
,,Химка,,,"химически экстрагированный спиртом, ацетоном или эфиром THC из марихуаны, гашиша или пыли.",,,,,,,,,,,,,,
,,Агрегат,,,"весы любого типа, чаще всего рычажные, для взвешивания наркотиков и ингредиентов для их изготовления.",,,,,,,,,,,,,,
,,Часы,,,"весы любого типа, чаще всего рычажные, для взвешивания наркотиков и ингредиентов для их изготовления.",,,,,,,,,,,,,,
,,Часики (из-за сходства с электронными часами),,,"весы любого типа, чаще всего рычажные, для взвешивания наркотиков и ингредиентов для их изготовления.",,,,,,,,,,,,,,
,,Аппаратура,,,"набор посуды, химических реактивов и шприцев, необходимых для кустарного изготовления наркотиков.",,,,,,,,,,,,,,
,,Бульбулятор,,,Самодельный кальян из бутылки для курения гашиша и марихуаны.,,,,,,,,,,,,,,
,,Бурбулятор,,,Самодельный кальян из бутылки для курения гашиша и марихуаны.,,,,,,,,,,,,,,
,,Буль,,,Самодельный кальян из бутылки для курения гашиша и марихуаны.,,,,,,,,,,,,,,
,,Бульбик,,,Самодельный кальян из бутылки для курения гашиша и марихуаны.,,,,,,,,,,,,,,
,,Булик,,,Самодельный кальян из бутылки для курения гашиша и марихуаны.,,,,,,,,,,,,,,
,,Бонг,,,Самодельный кальян из бутылки для курения гашиша и марихуаны.,,,,,,,,,,,,,,
,,Булич,,,Самодельный кальян из бутылки для курения гашиша и марихуаны.,,,,,,,,,,,,,,
,,Батл,,,Самодельный кальян из бутылки для курения гашиша и марихуаны.,,,,,,,,,,,,,,
,,Шатл,,,Самодельный кальян из бутылки для курения гашиша и марихуаны.,,,,,,,,,,,,,,
,,Ферик,,,Самодельный кальян из бутылки для курения гашиша и марихуаны.,,,,,,,,,,,,,,
,,Отгон,,,приспособление для выгона излишков йода при изготовлении винта.,,,,,,,,,,,,,,
,,Струна,,,игла шприца.,,,,,,,,,,,,,,
,,Машина,,,шприц.,,,,,,,,,,,,,,
,,Инструмент,,,шприц.,,,,,,,,,,,,,,
,,Боец,,,шприц.,,,,,,,,,,,,,,
,,Чпок,,,шприц.,,,,,,,,,,,,,,
,,Красная Шапочка,,,шприц.,,,,,,,,,,,,,,
,,Факел,,,"трубка, свёрнутая из бумаги, используемая для варки ханки в походных условиях.",,,,,,,,,,,,,,
,,Чек,,,"рецепт на медицинские препараты. Так же, чеком называют лист бумаги, сложенный специальным образом, для удобного хранения марихуаны; дозу любого наркотика. В основном используется в среде героиновых наркоманов.",,,,,,,,,,,,,,
,,Водник,,,"приспособление, состоящее из 2х бутылок разного объема, предназначенный для курения марихуаны, самодельный кальян.",,,,,,,,,,,,,,
,,Водный,,,"приспособление, состоящее из 2х бутылок разного объема, предназначенный для курения марихуаны, самодельный кальян.",,,,,,,,,,,,,,
,,Мамба,,,"приспособление, состоящее из 2х бутылок разного объема, предназначенный для курения марихуаны, самодельный кальян.",,,,,,,,,,,,,,
,,Мокрый,,,"приспособление, состоящее из 2х бутылок разного объема, предназначенный для курения марихуаны, самодельный кальян.",,,,,,,,,,,,,,
,,Берушировать,,,фильтровать кустарно изготовленный препарат опия через беруши (для ушей).,,,,,,,,,,,,,,
,,Бодяжить,,,"разбавлять наркотики бутором с целью повышения дохода от перепродажи за счёт увеличения объёма или для снижения крепости наркотика, приготовленного для себя.",,,,,,,,,,,,,,
,,Варить,,,готовить раствор для инъекции (в отношении ханки).,,,,,,,,,,,,,,
,,Забить,,,наполнить патрон папиросы курительной смесью.,,,,,,,,,,,,,,
,,Заколотить,,,наполнить патрон папиросы курительной смесью.,,,,,,,,,,,,,,
,,Заляпать (косяк),,,наполнить патрон папиросы курительной смесью.,,,,,,,,,,,,,,
,,Кирячнуть,,,"разбавить марихуану с предварительно подсушеным зажигалкой табаком (для увеличения количества, либо для уменьшения горечи при курении).",,,,,,,,,,,,,,
,,Килешануть,,,"разбавить марихуану с предварительно подсушеным зажигалкой табаком (для увеличения количества, либо для уменьшения горечи при курении).",,,,,,,,,,,,,,
,,Табачнуть,,,"разбавить марихуану с предварительно подсушеным зажигалкой табаком (для увеличения количества, либо для уменьшения горечи при курении).",,,,,,,,,,,,,,
,,Растабачить,,,"разбавить марихуану с предварительно подсушеным зажигалкой табаком (для увеличения количества, либо для уменьшения горечи при курении).",,,,,,,,,,,,,,
,,Буторить,,,"разбавить марихуану с предварительно подсушеным зажигалкой табаком (для увеличения количества, либо для уменьшения горечи при курении).",,,,,,,,,,,,,,
,,Разбуторить,,,"разбавить марихуану с предварительно подсушеным зажигалкой табаком (для увеличения количества, либо для уменьшения горечи при курении).",,,,,,,,,,,,,,
,,Бодяга,,,чрезмерно разбавленный наркотик.,,,,,,,,,,,,,,
,,Болт,,,неудавшийся раствор винта.,,,,,,,,,,,,,,
,,Кислый,,,"уксусный ангидрид, используемый для приготовления раствора для инъекции из ханки.",,,,,,,,,,,,,,
,,Компот,,,1. приготовленный из ханки раствор для инъекции (название связано со светло-коричневым цветом раствора); 2. химические реактивы (компоненты) для изготовления первитина кустарным способом.,,,,,,,,,,,,,,
,,Красный,,,красный фосфор для изготовления первитина.,,,,,,,,,,,,,,
,,Нифеля,,,ненужные остатки от приготовления наркотиков.,,,,,,,,,,,,,,
,,Дрэк:(,,,"сорная конопля, марихуана неудовлетворительного качества.",,,,,,,,,,,,,,
,,Дикуха,,,"сорная конопля, марихуана неудовлетворительного качества.",,,,,,,,,,,,,,
,,Ботва,,,"высушенные стебли и части куста, малопригодные к употреблению, в виде примеси к приготовленной марихуане.",,,,,,,,,,,,,,
,,Дрова,,,"высушенные стебли и части куста, малопригодные к употреблению, в виде примеси к приготовленной марихуане.",,,,,,,,,,,,,,
,,Бутор,,,"различные побочные добавки к марихуане, примеси, увеличивающие её видимое количество и ухудшающие качество, а также любой мусор, попавший при изготовлении травы.",,,,,,,,,,,,,,
,,Бошки,,,"соцветия женских растений конопли, верхушка куста конопли, собираемая в качестве урожая высшего сорта из-за наивысшего содержания ТГК.",,,,,,,,,,,,,,
,,Бошечки,,,"соцветия женских растений конопли, верхушка куста конопли, собираемая в качестве урожая высшего сорта из-за наивысшего содержания ТГК.",,,,,,,,,,,,,,
,,Бохи,,,"соцветия женских растений конопли, верхушка куста конопли, собираемая в качестве урожая высшего сорта из-за наивысшего содержания ТГК.",,,,,,,,,,,,,,
,,Кропали,,,остатки дозы марихуаны.,,,,,,,,,,,,,,
,,Ошмётки,,,остатки дозы марихуаны.,,,,,,,,,,,,,,
,,Пятка,,,остатки дозы марихуаны.,,,,,,,,,,,,,,
,,Децл,,,остатки дозы марихуаны.,,,,,,,,,,,,,,
,,Шалашка,,,остатки измельчённой марихуаны после просева и получения пыли.,,,,,,,,,,,,,,
,,Шалуха,,,остатки измельчённой марихуаны после просева и получения пыли.,,,,,,,,,,,,,,
,,Шалва,,,остатки измельчённой марихуаны после просева и получения пыли.,,,,,,,,,,,,,,
,,Шалка,,,остатки измельчённой марихуаны после просева и получения пыли.,,,,,,,,,,,,,,
,,Золотой укол,,,введение себе наркоманом смертельной дозы наркотика с целью суицида.,,,,,,,,,,,,,,
,,Золотая доза,,,введение себе наркоманом смертельной дозы наркотика с целью суицида.,,,,,,,,,,,,,,
,,Юзать,,,(английский: использовать) употреблять наркотики. *Данный термин так же используется в компьютерном сленге.,,,,,,,,,,,,,,
,,Взорвать косяк,,,"поджечь, раскурить папиросу или сигарету с марихуаной (Косяк).",,,,,,,,,,,,,,
,,Добить косяк,,,докурить папиросу с марихуаной.,,,,,,,,,,,,,,
,,протинуть,,,докурить папиросу с марихуаной.,,,,,,,,,,,,,,
,,Раскуриться,,,"курение марихуаны, гашиша.",,,,,,,,,,,,,,
,,Дубасить,,,"курение марихуаны, гашиша.",,,,,,,,,,,,,,
,,Закинуться,,,"курение марихуаны, гашиша.",,,,,,,,,,,,,,
,,Дубаснуть,,,"курение марихуаны, гашиша.",,,,,,,,,,,,,,
,,Дунуть,,,"курение марихуаны, гашиша.",,,,,,,,,,,,,,
,,Подуть,,,"курение марихуаны, гашиша.",,,,,,,,,,,,,,
,,Поддуться,,,"курение марихуаны, гашиша.",,,,,,,,,,,,,,
,,Подлечиться,,,"курение марихуаны, гашиша.",,,,,,,,,,,,,,
,,Почитать,,,"курение марихуаны, гашиша.",,,,,,,,,,,,,,
,,Пыхнуть,,,"курение марихуаны, гашиша.",,,,,,,,,,,,,,
,,Хапать,,,"курение марихуаны, гашиша.",,,,,,,,,,,,,,
,,Фугашить,,,"курение марихуаны, гашиша.",,,,,,,,,,,,,,
,,Фагать,,,"курение марихуаны, гашиша.",,,,,,,,,,,,,,
,,Фыгать,,,"курение марихуаны, гашиша.",,,,,,,,,,,,,,
,,Шабить,,,"курение марихуаны, гашиша.",,,,,,,,,,,,,,
,,Долбить,,,"курение марихуаны, гашиша.",,,,,,,,,,,,,,
,,Нажигать,,,"курение марихуаны, гашиша.",,,,,,,,,,,,,,
,,Курнуть,,,"курение марихуаны, гашиша.",,,,,,,,,,,,,,
,,Напаснуться,,,"курение марихуаны, гашиша.",,,,,,,,,,,,,,
,,Искупиться,,,"курение марихуаны, гашиша.",,,,,,,,,,,,,,
,,Обесточиться,,,"курение марихуаны, гашиша.",,,,,,,,,,,,,,
,,Закудрявить,,,"курение марихуаны, гашиша.",,,,,,,,,,,,,,
,,Убиться,,,"курение марихуаны, гашиша.",,,,,,,,,,,,,,
,,Покуряхать,,,"курение марихуаны, гашиша.",,,,,,,,,,,,,,
,,Навиталиться,,,"курение марихуаны, гашиша.",,,,,,,,,,,,,,
,,Навалериться,,,"курение марихуаны, гашиша.",,,,,,,,,,,,,,
,,Хапка,,,"отдельный вдох, затяжка дыма марихуаны.",,,,,,,,,,,,,,
,,Наколотилово,,,состояние наркомана после приема большого количества наркотика (гашиш).,,,,,,,,,,,,,,
,,Полное уничтожение,,,состояние наркомана после приема большого количества наркотика (гашиш).,,,,,,,,,,,,,,
,,Паровоз,,,"метод вдыхания дыма курительных веществ. Заключается в том, что один участник берёт косяк в рот зажжённым концом и интенсивно выдыхает через него воздух, создавая плотный быстрый поток дыма, который вдыхает второй участник глубоким вдохом. Задуть паровоз — выдохнуть дым для его вдоха другим человеком.",,,,,,,,,,,,,,
,,Парик,,,"метод вдыхания дыма курительных веществ. Заключается в том, что один участник берёт косяк в рот зажжённым концом и интенсивно выдыхает через него воздух, создавая плотный быстрый поток дыма, который вдыхает второй участник глубоким вдохом. Задуть паровоз — выдохнуть дым для его вдоха другим человеком.",,,,,,,,,,,,,,
,,Забить гвоздь,,,"при выдувании Паровоза создать очень сильный поток дыма, от которого у вдыхающего возникает кашель.",,,,,,,,,,,,,,
,,Подлечить,,,"при неравномерном горении косяка смазать слюной часть папиросной бумаги, чтобы процесс горения распространялся равномерно.",,,,,,,,,,,,,,
,,Залечить,,,"при неравномерном горении косяка смазать слюной часть папиросной бумаги, чтобы процесс горения распространялся равномерно.",,,,,,,,,,,,,,
,,Бахаться,,,"принимать наркотик внутривенно, делать инъекцию.",,,,,,,,,,,,,,
,,Втюхаться,,,"принимать наркотик внутривенно, делать инъекцию.",,,,,,,,,,,,,,
,,Двинуться,,,"принимать наркотик внутривенно, делать инъекцию.",,,,,,,,,,,,,,
,,Ляпать,,,"принимать наркотик внутривенно, делать инъекцию.",,,,,,,,,,,,,,
,,Ляпнутся,,,"принимать наркотик внутривенно, делать инъекцию.",,,,,,,,,,,,,,
,,Проставляться,,,"принимать наркотик внутривенно, делать инъекцию.",,,,,,,,,,,,,,
,,Пыряться,,,"принимать наркотик внутривенно, делать инъекцию.",,,,,,,,,,,,,,
,,Ставиться,,,"принимать наркотик внутривенно, делать инъекцию.",,,,,,,,,,,,,,
,,Трескаться,,,"принимать наркотик внутривенно, делать инъекцию.",,,,,,,,,,,,,,
,,Ужалиться,,,"принимать наркотик внутривенно, делать инъекцию.",,,,,,,,,,,,,,
,,Хлопнуться,,,"принимать наркотик внутривенно, делать инъекцию.",,,,,,,,,,,,,,
,,Шваркаться,,,"принимать наркотик внутривенно, делать инъекцию.",,,,,,,,,,,,,,
,,Ширяться,,,"принимать наркотик внутривенно, делать инъекцию.",,,,,,,,,,,,,,
,,Шпигаться,,,"принимать наркотик внутривенно, делать инъекцию.",,,,,,,,,,,,,,
,,Винтиться,,,употреблять внутривенно первитин] или другие наркотики группы стимуляторов (например амфетамин).,,,,,,,,,,,,,,
,,Дома,,,попасть в вену.,,,,,,,,,,,,,,
,,Контроль,,,определение по цвету венозной или артериальной крови в шприце.,,,,,,,,,,,,,,
,,Клизма,,,внутривенная инъекция.,,,,,,,,,,,,,,
,,С ветром,,,струйная внутривенная инъекция под давлением.,,,,,,,,,,,,,,
,,Ебашить (ебошить),,,употреблять в неограниченных количествах.,,,,,,,,,,,,,,
,,Закинуть,,,принять наркотик перорально.,,,,,,,,,,,,,,
,,Понюхон,,,процесс употребления амфетамина.,,,,,,,,,,,,,,
,,Зюк,,,процесс употребления амфетамина.,,,,,,,,,,,,,,
,,Зюкнуть,,,процесс употребления амфетамина.,,,,,,,,,,,,,,
,,Юзануть,,,процесс употребления амфетамина.,,,,,,,,,,,,,,
,,Приколоться,,,"употребить наркотик, в частности амфетамин.",,,,,,,,,,,,,,
,,Банка,,,приспособление для курения марихуаны или гашиша из жестяной или стеклянной банки.,,,,,,,,,,,,,,
,,Баклаха,,,приспособление для курения марихуаны состоящее обычно из одной или двух пластиковых бутылок («баклажек»).,,,,,,,,,,,,,,
,,Шмэбл,,,приспособление для курения марихуаны состоящее обычно из одной или двух пластиковых бутылок («баклажек»).,,,,,,,,,,,,,,
,,Сухой,,,приспособление для курения марихуаны состоящее обычно из одной или двух пластиковых бутылок («баклажек»).,,,,,,,,,,,,,,
,,Баттл,,,"бутылка) — разновидность бульбулятора из бутылок, например, со вставленной трубкой и налитой внутрь водой для охлажения вдыхаемого дыма.",,,,,,,,,,,,,,
,,Боттл (английский,,,"бутылка) — разновидность бульбулятора из бутылок, например, со вставленной трубкой и налитой внутрь водой для охлажения вдыхаемого дыма.",,,,,,,,,,,,,,
,,Ружье,,,"приспособление для курения марихуаны, состоящее из небольшой пластиковой бутылки и пипетки. В бутылке, на боковой стенке, ближе к донной части проделываются 2 отверстия: одно — размером с пипетку, второе — побольше. В меньшее по размеру отверстие вставляется пипетка с надетой на неё резинкой (у резинки предварительно отрывается закрытый конец), забитая травой, большее отверстие закрывается пальцем во время курения. Также можно купить готовый бонг в большинстве кальянных магазинов (примерно 300—600 рублей).",,,,,,,,,,,,,,
,,Крыса,,,"приспособление для курения в виде пластиковой бутылки с целлофановым пакетом, надетым на месте отрезанного дна для сбора дыма, разновидность бульбулятора.",,,,,,,,,,,,,,
,,Парашют,,,"приспособление для курения в виде пластиковой бутылки с целлофановым пакетом, надетым на месте отрезанного дна для сбора дыма, разновидность бульбулятора.",,,,,,,,,,,,,,
,,Хлопушка,,,"приспособление для курения в виде пластиковой бутылки с целлофановым пакетом, надетым на месте отрезанного дна для сбора дыма, разновидность бульбулятора.",,,,,,,,,,,,,,
,,Хлопарь,,,"приспособление для курения в виде пластиковой бутылки с целлофановым пакетом, надетым на месте отрезанного дна для сбора дыма, разновидность бульбулятора.",,,,,,,,,,,,,,
,,Котелок,,,разновидности бульбулятора — приспособление для курения марихуаны.,,,,,,,,,,,,,,
,,Хопчик,,,разновидности бульбулятора — приспособление для курения марихуаны.,,,,,,,,,,,,,,
,,Флейта,,,разновидности бульбулятора — приспособление для курения марихуаны.,,,,,,,,,,,,,,
,,Барсик,,,разновидности бульбулятора — приспособление для курения марихуаны.,,,,,,,,,,,,,,
,,Гусь,,,разновидности бульбулятора — приспособление для курения марихуаны.,,,,,,,,,,,,,,
,,Утка,,,разновидности бульбулятора — приспособление для курения марихуаны.,,,,,,,,,,,,,,
,,Сухой (сухой бульбулятор),,,разновидности бульбулятора — приспособление для курения марихуаны.,,,,,,,,,,,,,,
,,Пипетка,,,приспособление для курения марихуаны. Используется обычная медицинская пипетка в пластиковой упаковке и пружина от зажигалки. Предварительно сняв с пипетки резиновую часть зажигалкой нагревается узкий край пипетки. Горячим краем пипетки протыкается узкий кончик пластиковой упаковки. Затем в пипетку вставляется пружика от зажигалки и просовывается до узкого конца. С помощью втягивания воздуха в стеклянную колбу пипетки набирается марихуана. Стеклянная часть нагревается на огне и вытягивается дым.,,,,,,,,,,,,,,
,,Фошка,,,"деталь бульбулятора в виде напёрстка или фольги с мелкими отверстиями, в которую насыпается марихуана, устанавливаемая на место крышки пластиковой бутылки.",,,,,,,,,,,,,,
,,Колпак,,,"деталь бульбулятора в виде напёрстка или фольги с мелкими отверстиями, в которую насыпается марихуана, устанавливаемая на место крышки пластиковой бутылки.",,,,,,,,,,,,,,
,,Напёрсток,,,"деталь бульбулятора в виде напёрстка или фольги с мелкими отверстиями, в которую насыпается марихуана, устанавливаемая на место крышки пластиковой бутылки.",,,,,,,,,,,,,,
,,Напер,,,"деталь бульбулятора в виде напёрстка или фольги с мелкими отверстиями, в которую насыпается марихуана, устанавливаемая на место крышки пластиковой бутылки.",,,,,,,,,,,,,,
,,Крестовик,,,"самый лучший из видов стационарных колпаков из наперстка,вместо мелких отверстий, прорезь крест на крест.",,,,,,,,,,,,,,
,,Девайс (английский,,,"устройство, приспособление), Пайп (английский), Костыль — металлическая, изогнутая трубка для «сухого» курения марихуаны.",,,,,,,,,,,,,,
,,Вапорайзер (английский,,,"испаритель) — прибор, в котором марихуана подвергается точно заданной высокой температуре, не достигающей температуры горения, для испарения только активных веществ без смол и примесей.",,,,,,,,,,,,,,
,,Фрукт,,,"яблоко, груша и т. п. с проделанными в нём отверстиями для курения.",,,,,,,,,,,,,,
,,Блант (английский,,,"тупой, неострый) — скрученный косяк из папиросной бумаги, ""начинкой"" которого является курительный табак и размельченный гашиш.",,,,,,,,,,,,,,
,,Гильза,,,очищенный от табака патрон папиросы без фильтра для забивания косяка.,,,,,,,,,,,,,,
,,Патрон,,,очищенный от табака патрон папиросы без фильтра для забивания косяка.,,,,,,,,,,,,,,
,,Труба,,,очищенный от табака патрон папиросы без фильтра для забивания косяка.,,,,,,,,,,,,,,
,,Джойнт (английский,,,"скрутка), Штакет — папироса, сигарета или самокрутка наполненная марихуаной.",,,,,,,,,,,,,,
,,Попик,,,скрученая узкая (от 1—2 см) длинная бумажка. Используется как фильтр в косяках; реже называется Таракан или Роуч (английский).,,,,,,,,,,,,,,
,,Свисток,,,скрученая узкая (от 1—2 см) длинная бумажка. Используется как фильтр в косяках; реже называется Таракан или Роуч (английский).,,,,,,,,,,,,,,
,,Пыж,,,скрученая узкая (от 1—2 см) длинная бумажка. Используется как фильтр в косяках; реже называется Таракан или Роуч (английский).,,,,,,,,,,,,,,
,,Ракета,,,"большая забитая марихуаной папироса (большой штакет, косяк).",,,,,,,,,,,,,,
,,Сплиф,,,(английский) самокрутка из папиросной бумаги и бумажного фильтра (реже называется Болт или Дуби); Козья ножка — самокрутка для плана «Г» — образной формы.,,,,,,,,,,,,,,
,,Алберка,,,медицинский шприц для введения наркотиков.,,,,,,,,,,,,,,
,,Аппарат,,,медицинский шприц для введения наркотиков.,,,,,,,,,,,,,,
,,Боинг,,,медицинский шприц для введения наркотиков.,,,,,,,,,,,,,,
,,Дизель,,,медицинский шприц для введения наркотиков.,,,,,,,,,,,,,,
,,Лайба,,,медицинский шприц для введения наркотиков.,,,,,,,,,,,,,,
,,Весло,,,"ложка, на которой разогревают героин.",,,,,,,,,,,,,,
,,Вторяк,,,"небольшой кусочек ваты, через который процеживается приготовленный раствор наркотика (ханки, реже героина), содержит небольшое количество наркотика, поэтому обычно сохраняется наркоманами «на чёрный день» для снятия или облегчения явлений абстиненции. Термин может употреблятся по отношению и к другим наркотикам, прежде всего — к первитину.",,,,,,,,,,,,,,
,,Гвоздь,,,"игла шприца, которой осуществляется инъекция.",,,,,,,,,,,,,,
,,Канюля,,,"игла шприца, которой осуществляется инъекция.",,,,,,,,,,,,,,
,,Колючка,,,"игла шприца, которой осуществляется инъекция.",,,,,,,,,,,,,,
,,Петух,,,"ватный фильтр, наматываемый на медицинскую иглу, для фильтрации поступающего в шприц раствора наркотика.",,,,,,,,,,,,,,
,,Метла,,,"ватный фильтр, наматываемый на медицинскую иглу, для фильтрации поступающего в шприц раствора наркотика.",,,,,,,,,,,,,,
,,Смывки,,,"использованные чеки или смытые со стенок фурика остатки первитина применяемые для снятия ломки или того, чтобы догнаться.",,,,,,,,,,,,,,
,,Фурик,,,небольшая ёмкость для приготовления дозы наркотика (обычно героина или первитина) к употреблению; небольшая емкость с наркотиком. Обычно используется пробирка.,,,,,,,,,,,,,,
,,Антенна,,,желание употребить наркотик. Набил антенну — кто-либо позвонил предложил.,,,,,,,,,,,,,,
,,Алик,,,продавец амфетаминов.,,,,,,,,,,,,,,
,,Аптекарь,,,"1. медицицинский работник, у которого наркоманы покупают наркотики; 2. наркоман, который умеет изготовлять наркотики.",,,,,,,,,,,,,,
,,Бабай,,,торговец наркотиками из Средней Азии.,,,,,,,,,,,,,,
,,Барыга (из блатного жаргона,,,"преступающий закон продавец), Дилер (английский — торговец, посредник), Пушер (английский — толкатель), Толкач, Банчила, Фармацевт — торговец наркотиками в розницу.",,,,,,,,,,,,,,
,,Знахарь,,,"человек, продающий растительные наркотические средства собственного производства.",,,,,,,,,,,,,,
,,Бегунок,,,"наркоман-посредник, осуществляющий связь между покупающим наркотик и конкретным наркодилером, получающий за свои услуги часть прибыли, обычно в виде дозы наркотика (явление распространено не повсеместно). (Уголовно наказуемое деяние)",,,,,,,,,,,,,,
,,Берун,,,"наркоман-посредник, осуществляющий связь между покупающим наркотик и конкретным наркодилером, получающий за свои услуги часть прибыли, обычно в виде дозы наркотика (явление распространено не повсеместно). (Уголовно наказуемое деяние)",,,,,,,,,,,,,,
,,Помогала,,,посредник между продавцом наркотика и конечным покупателем. Помогать — заниматься перепродажей наркотиков. (Уголовно наказуемое деяние),,,,,,,,,,,,,,
,,Дед Мороз,,,"человек, передающий наркоману героин, кокаин, скорость, или любое другое наркотическое средство в порошкообразном виде белого или светлого цвета.",,,,,,,,,,,,,,
,,Смотрящий,,,участники массового сбыта наркотиков.,,,,,,,,,,,,,,
,,Направляющие,,,участники массового сбыта наркотиков.,,,,,,,,,,,,,,
,,Разводящий,,,участники массового сбыта наркотиков.,,,,,,,,,,,,,,
,,Яма,,,источник получения наркотиков.,,,,,,,,,,,,,,
,,Цех,,,источник получения наркотиков.,,,,,,,,,,,,,,
,,Банчить,,,заниматься перепродажей наркотиков и запрещённых веществ в малых количествах.,,,,,,,,,,,,,,
,,Вырубать,,,заниматься покупкой наркотиков и запрещённых веществ с целью перепродажи либо собственного использования.,,,,,,,,,,,,,,
,,Подгон,,,"подарок, доставка наркотика или запрещённого вещества.",,,,,,,,,,,,,,
,,Подогрев,,,"наркотик или запрещённое вещество, полученные безвозмездно, часто в виде вознаграждения за оказанную помощь при покупке «товара».",,,,,,,,,,,,,,
,,Грев,,,"наркотик или запрещённое вещество, полученные безвозмездно, часто в виде вознаграждения за оказанную помощь при покупке «товара».",,,,,,,,,,,,,,
,,Взгрев,,,"наркотик или запрещённое вещество, полученные безвозмездно, часто в виде вознаграждения за оказанную помощь при покупке «товара».",,,,,,,,,,,,,,
,,Кинуть,,,"обмануть лицо которое хотело купить вещество, с целью забрать себе деньги или наркотик.",,,,,,,,,,,,,,
,,Шваркнуть,,,"обмануть лицо которое хотело купить вещество, с целью забрать себе деньги или наркотик.",,,,,,,,,,,,,,
,,Вымутить,,,"обмануть лицо которое хотело купить вещество, с целью забрать себе деньги или наркотик.",,,,,,,,,,,,,,
,,Напарить,,,"обмануть лицо которое хотело купить вещество, с целью забрать себе деньги или наркотик.",,,,,,,,,,,,,,
,,Налечить,,,"обмануть лицо которое хотело купить вещество, с целью забрать себе деньги или наркотик.",,,,,,,,,,,,,,
,,Пролечить,,,"обмануть лицо которое хотело купить вещество, с целью забрать себе деньги или наркотик.",,,,,,,,,,,,,,
,,Наездить,,,"обмануть лицо которое хотело купить вещество, с целью забрать себе деньги или наркотик.",,,,,,,,,,,,,,
,,Абрикос,,,"(abibos, объе..с) (малолетний) потребитель «круглых».",,,,,,,,,,,,,,
,,Аппер (английский,,,"высший) — наркоман, употребляющий амфетамины.",,,,,,,,,,,,,,
,,Абстинент,,,"наркоман, находящийся в состоянии наркотического голодания.",,,,,,,,,,,,,,
,,Анашист,,,"человек, употребляющий марихуану или гашиш.",,,,,,,,,,,,,,
,,Бэн,,,наркоман.,,,,,,,,,,,,,,
,,Джон,,,наркоман.,,,,,,,,,,,,,,
,,Валёк,,,"человек, неумеренно употребляющий ЛСД.",,,,,,,,,,,,,,
,,Винтовой,,,"наркоман, употребляющий внутривенные наркотики группы стимуляторов (первитин, амфетамин, эфедрин).",,,,,,,,,,,,,,
,,Выдвиженец,,,"частый посетитель «кислотных» вечеринок, как правило употребляющий амфетамин и/или экстази.",,,,,,,,,,,,,,
,,Герондосник (Гердозер),,,"наркоман, употребляющий героин.",,,,,,,,,,,,,,
,,Джанк (английский,,,"рухлядь, отбросы) — наркоман-опиушник.",,,,,,,,,,,,,,
,,Ковбой,,,"человек, с целью получения удовольствия или наркотического опьянения употребляющий психоактивные препараты, продающиеся в аптеке.",,,,,,,,,,,,,,
,,Аптечный ковбой (по названию фильма),,,"человек, с целью получения удовольствия или наркотического опьянения употребляющий психоактивные препараты, продающиеся в аптеке.",,,,,,,,,,,,,,
,,Колючий,,,"человек, употребляющий наркотики внутривенно.",,,,,,,,,,,,,,
,,Пырь,,,"человек, употребляющий наркотики внутривенно.",,,,,,,,,,,,,,
,,Космонавт,,,"человек, предпочитающий психотропы диссоциативного действия.",,,,,,,,,,,,,,
,,Орешник,,,"человек, употребляющий мускатный орех.",,,,,,,,,,,,,,
,,Психонавт,,,"человек, занимающийся исследованием своего сознания, использующий для этого различные методики, в том числе несистематическое употребление психоактивных веществ, стараясь при этом избежать наркотической зависимости.",,,,,,,,,,,,,,
,,Синий,,,"наркоман, находящийся в состоянии алкогольного опьянения.",,,,,,,,,,,,,,
,,Алкаш,,,алкоголик.,,,,,,,,,,,,,,
,,Бухарь,,,алкоголик.,,,,,,,,,,,,,,
,,Синяк,,,алкоголик.,,,,,,,,,,,,,,
,,Синчер,,,алкоголик.,,,,,,,,,,,,,,
,,Сливорез,,,алкоголик.,,,,,,,,,,,,,,
,,Хрон,,,алкоголик.,,,,,,,,,,,,,,
,,Забулдыга,,,алкоголик.,,,,,,,,,,,,,,
,,Ситтер,,,присматривающий за другим наркоманом во время употребления наркотиков.,,,,,,,,,,,,,,
,,Торч,,,регулярно употребляющий наркотики.,,,,,,,,,,,,,,
,,Укурок,,,регулярно злоупотребляющий курением марихуаны.,,,,,,,,,,,,,,
,,Укурыш,,,регулярно злоупотребляющий курением марихуаны.,,,,,,,,,,,,,,
,,Урюк,,,старый (опытный) наркоман.,,,,,,,,,,,,,,
,,Хмурящийся,,,опиоман.,,,,,,,,,,,,,,
,,Нахмуренный,,,опиоман.,,,,,,,,,,,,,,
,,Чернушник,,,опиоман.,,,,,,,,,,,,,,
,,Широман,,,"наркоман, употребляющий наркотики внутривенно (чаще опиоман, героинист).",,,,,,,,,,,,,,
,,Баянист,,,"наркоман, употребляющий наркотики внутривенно (чаще опиоман, героинист).",,,,,,,,,,,,,,
,,Юзер (английский,,,"потребитель) — человек, принимающий наркотические препараты.",,,,,,,,,,,,,,
,,Full Power,,,"состояние сильного наркотического опьянения, в противовес слабому или среднему, обычно применяется в отношении «быстрых» наркотиков.",,,,,,,,,,,,,,
,,Алёнка,,,передозировка бутератом.,,,,,,,,,,,,,,
,,Атама,,,состояние сонливости после приема наркотиков.,,,,,,,,,,,,,,
,,Потушило,,,состояние сонливости после приема наркотиков.,,,,,,,,,,,,,,
,,Аут (английский,,,"вне, отдалённый, нокаутировать) — действие наркотика, при котором наркоман находится не в адекватном состоянии, наполовину во сне.",,,,,,,,,,,,,,
,,Бледный,,,передозировка препаратами марихуаны.,,,,,,,,,,,,,,
,,Бэдтрип,,,"плохое путешествие) — негативное развитие событий при приеме психоделиков (вызывающих галлюцинации) (неудачный трип). Термин, заимствованный из англоязычного сленга.",,,,,,,,,,,,,,
,,Бэд (английский,,,"плохое путешествие) — негативное развитие событий при приеме психоделиков (вызывающих галлюцинации) (неудачный трип). Термин, заимствованный из англоязычного сленга.",,,,,,,,,,,,,,
,,Вата,,,отсутствие ожидаемого эффекта.,,,,,,,,,,,,,,
,,Висеть,,,"состояние, возникающее после прихода. Характерно для наркоманов, принимающих ханку. Выражается в желании уйти в себя, отключиться от окружающих.",,,,,,,,,,,,,,
,,Вставляет,,,первая фаза наркотической или психотропной эйфории.,,,,,,,,,,,,,,
,,Зацепило,,,первая фаза наркотической или психотропной эйфории.,,,,,,,,,,,,,,
,,Бля,,,первая фаза наркотической или психотропной эйфории.,,,,,,,,,,,,,,
,,ебашит,,,первая фаза наркотической или психотропной эйфории.,,,,,,,,,,,,,,
,,Подкурило,,,первая фаза наркотической или психотропной эйфории.,,,,,,,,,,,,,,
,,Выкупить,,,"заметить состояние наркотического опьянения или психотропного воздействия в человеке, находящемся под действием соответствующих веществ.",,,,,,,,,,,,,,
,,Спалить,,,"заметить состояние наркотического опьянения или психотропного воздействия в человеке, находящемся под действием соответствующих веществ.",,,,,,,,,,,,,,
,,Галюники,,,галлюцинация.,,,,,,,,,,,,,,
,,Глюки,,,галлюцинация.,,,,,,,,,,,,,,
,,Голяк,,,отсутствие ожидаемого наркотического эффекта.,,,,,,,,,,,,,,
,,Голяки,,,отсутствие ожидаемого наркотического эффекта.,,,,,,,,,,,,,,
,,Гонки,,,"ощущение страха, паранойя или мания преследования, приходящие через некоторое время после принятия наркотика.",,,,,,,,,,,,,,
,,Диспансер,,,состоянии когда наркоман вообще не может совершать самостоятельных действий.,,,,,,,,,,,,,,
,,Зима,,,"период жизни человека, проведенный на системе.",,,,,,,,,,,,,,
,,Измена,,,"1. чувство страха, паники, возникающее при употреблении некоторых веществ (чаще марихуаны), см. Бэдтрип; 2. общее название страха, паники, опасения развития конфликтной ситуации в молодёжном сленге (высаживает на измену).",,,,,,,,,,,,,,
,,Кошмарит,,,см. Бэдтрип.,,,,,,,,,,,,,,
,,Кумарить,,,1. испытывать тягостные неприятные ощущения начинающегося абстинентного синдрома; 2. находиться в состоянии развернутого абстинентного (чаще опийного) синдрома (ср. перекумарить — пережить абстинентный синдром).,,,,,,,,,,,,,,
,,Козявит,,,"Состояние эйфории, эффект «размазанной реальности».Нечеткие формы окружающих предметов, все вокруг смотрится смазано, хочется полежать. «Алкоголь с ганджа мажет, а без ганджа бычит.»",,,,,,,,,,,,,,
,,На марафоне,,,"процесс непрерывного употребления наркотиков-стимуляторов в течение длительного времени, иногда до нескольких суток, зачастую без сна, зачастую с потерей ориентации во времени и пространстве. Типичные сменяющие друг друга состояния при Марафоне — Приходы, Гонки, Измена, Зацепило, Отпустило, Вторяк, Трипы, Бэдтрипы, Объебос и т. п.",,,,,,,,,,,,,,
,,Марафонить,,,"процесс непрерывного употребления наркотиков-стимуляторов в течение длительного времени, иногда до нескольких суток, зачастую без сна, зачастую с потерей ориентации во времени и пространстве. Типичные сменяющие друг друга состояния при Марафоне — Приходы, Гонки, Измена, Зацепило, Отпустило, Вторяк, Трипы, Бэдтрипы, Объебос и т. п.",,,,,,,,,,,,,,
,,Непонятки,,,см. Измена.,,,,,,,,,,,,,,
,,Обибоз,,,"1. состояние опъянения вследствие употребления; 2. человек, злоупотребляющий психоактивными веществами; 3. ироничное обозначение человека, находящегося в состоянии сильного наркотического опьянения.",,,,,,,,,,,,,,
,,Объебос,,,"1. состояние опъянения вследствие употребления; 2. человек, злоупотребляющий психоактивными веществами; 3. ироничное обозначение человека, находящегося в состоянии сильного наркотического опьянения.",,,,,,,,,,,,,,
,,Обибо,,,"1. состояние опъянения вследствие употребления; 2. человек, злоупотребляющий психоактивными веществами; 3. ироничное обозначение человека, находящегося в состоянии сильного наркотического опьянения.",,,,,,,,,,,,,,
,,Отпустило,,,"окончание действия наркотического опьянения или психотропного воздействия, как позитивного (Приход, Кайф и т. д.), так и негативного (Измена, Бэдтрип и т. д.) характера.",,,,,,,,,,,,,,
,,Подсесть (на что-то),,,приобрести зависимость от чего-то.,,,,,,,,,,,,,,
,,Поздняк,,,эффект запоздания начала основного действия марихуаны.,,,,,,,,,,,,,,
,,Педали,,,эффект запоздания начала основного действия марихуаны.,,,,,,,,,,,,,,
,,Свин,,,сильное чувство голода возникающее после употребления марихуаны. Возможно выражение — кишка проснулась или свин напал.,,,,,,,,,,,,,,
,,Свинак,,,сильное чувство голода возникающее после употребления марихуаны. Возможно выражение — кишка проснулась или свин напал.,,,,,,,,,,,,,,
,,Склиф,,,состояние абсолютно неадекватного состояния и поведения наркомана.,,,,,,,,,,,,,,
,,Снюхаться,,,приобрести стойкую зависимость к амфетаминам.,,,,,,,,,,,,,,
,,Сторчаться,,,приобрести стойкую наркотическую зависимость.,,,,,,,,,,,,,,
,,Татаходы,,,межпространственные тоннели используемые для перемещения Психонавта из мира А в мир Б. Которые возникают во время психотропного воздействия.,,,,,,,,,,,,,,
,,Торкнуло,,,появление наркотического опьянения или психотропного воздействия.,,,,,,,,,,,,,,
,,Колбасит,,,появление наркотического опьянения или психотропного воздействия.,,,,,,,,,,,,,,
,,Прет,,,появление наркотического опьянения или психотропного воздействия.,,,,,,,,,,,,,,
,,Вставило,,,появление наркотического опьянения или психотропного воздействия.,,,,,,,,,,,,,,
,,Штырит,,,появление наркотического опьянения или психотропного воздействия.,,,,,,,,,,,,,,
,,Торчать,,,"длительное время (много раз подряд, постоянно) находиться под воздействием наркотика..",,,,,,,,,,,,,,
,,Трип (английский,,,"путешествие), Приход — состояние «путешествия», в которое «отправляются» под воздействием веществ, зачастую психоделических или галлюциногенных. См. также Бэдтрип.",,,,,,,,,,,,,,
,,Трухануло,,,"лихорадка, возникающая после инъекции грязного раствора, ханки — активное состояние при приёме большой дозы наркотика.",,,,,,,,,,,,,,
,,Тяга,,,основное действие наркотика (применимо в основном к опиатам).,,,,,,,,,,,,,,
,,Арык,,,"вена, как объект, в который производится инъекция. (преимущ. в Азии)",,,,,,,,,,,,,,
,,Гепок,,,вирусный гепатит.,,,,,,,,,,,,,,
,,Дорога,,,"цепочка следов от инъекций, идущая вдоль вены.",,,,,,,,,,,,,,
,,Колодец,,,«воронкообразное» втяжение кожи в паховой области после многочисленных инъекций наркотика в бедренную вену.,,,,,,,,,,,,,,
,,Метро,,,"подмышечный сосудистый пучок, куда (в подмышечную вену) делаются инъекции при отсутствии поверхностных вен.",,,,,,,,,,,,,,
,,Обратка,,,"поверхностная вена, располагающаяся на задне-внутренней поверхности предплечья, неудобна для самостоятельного введения наркотика.",,,,,,,,,,,,,,
,,Пах,,,"бедренный сосудистый пучок куда (в бедренную вену) делаются инъекции при отсутствии поверхностных вен. Вскрыть пах — сделать первую инъекцию, научиться делать инъекции в бедренную вену.",,,,,,,,,,,,,,
,,Пробоина,,,след на коже от инъекции наркотика.,,,,,,,,,,,,,,
,,Централка,,,основная крупная вена локтевого сгиба,,,,,,,,,,,,,,
,,Центряк,,,основная крупная вена локтевого сгиба,,,,,,,,,,,,,,
,,Синявка,,,"поверхностная вена очень малого диаметра, в которую почти невозможно сделать инъекцию.",,,,,,,,,,,,,,
,,Чича,,,"незаживающая ранка над веной, в которую постоянно производятся инъекции.",,,,,,,,,,,,,,
,,Кратер,,,"незаживающая ранка над веной, в которую постоянно производятся инъекции.",,,,,,,,,,,,,,
,,Вулкан,,,"незаживающая ранка над веной, в которую постоянно производятся инъекции.",,,,,,,,,,,,,,
,,Шахта,,,последствия многократных инъекций в одну и ту же часть вены.,,,,,,,,,,,,,,
,,Турбина,,,последствия многократных инъекций в одну и ту же часть вены.,,,,,,,,,,,,,,
,,Шланг,,,"вена большого диаметра, в которую производятся инъекции начинающими наркоманами.",,,,,,,,,,,,,,
adderall,adderall
alprazolam,alprazolam
amphetamine,amphetamine
clonazepam,clonazepam
cocaine,cocaine
concerta,concerta
daytrana,daytrana
dilaudid,dilaudid
ecstasy,ecstasy
fentanyl,fentanyl
flunitrazepam,flunitrazepam
ghb,ghb
heroin,heroin
hydrocodone,hydrocodone
hydromorphone,hydromorphone
ketalar,ketalar
ketamine,ketamine
khat,khat
klonopin,klonopin
lorcet,lorcet
lsd,lsd
marijuana,marijuana
mdma,mdma
mescaline,mescaline
methamphetamine,methamphetamine
methylphenidate,methylphenidate
molly,molly
morphine,morphine
norco,norco
opium,opium
oxaydo,oxaydo
oxycodone,oxycodone
oxycontin,oxycontin
pcp,pcp
percocet,percocet
peyote,peyote
phencyclidine,phencyclidine
promethazine,promethazine
ritalin,ritalin
rohypnol,rohypnol
roxicodone,roxicodone
steroids,steroids
suboxone,suboxone
u-47700,u-47700
vicodin,vicodin
xanax,xanax
